reference,value,part_number,footprint,quantity,decision,reason,electrical_consequence,incompatible_alternative,verification,evidence
BUZZER1,2.3kHz,PB-12N23MPW-12Q,BUZ-TH_BD12.0-P7.60-D0.6-FD,1,HOLD FOR REVIEW,A05-R04: BOM magnetic indicator PB-12N23MPW-12Q requires 9-15 V; circuit supplies 5 V and firmware generates passive-transducer tones.,Leave off for initial safe bring-up; no reliable audible alarm assumed.,Select a verified passive 5-V-compatible transducer and check pitch/drive/current/flyback needs; do not raise board supply.,SCHEMATIC_VERIFIED; FABRICATION_VERIFIED (export); NEEDS_OWNER_INSPECTION,epro2!/WTK RLC Meter.epru:29646; BOM row 1; Gerber.zip!/FlyingProbeTesting.json:BUZZER1_*
C1,100nF,GRM21BR71H104KA01K,C0805,1,POPULATE,Source/BOM part and footprint agree; fit exactly the specified part after orientation and continuity inspection.,"Maintains the extracted Rev.1 topology; this is assembly intent, not physical qualification.","Substitutions require the same pad functions, dimensions, ratings and application behavior.",SCHEMATIC_VERIFIED; FABRICATION_VERIFIED (export); NEEDS_OWNER_INSPECTION,epro2!/WTK RLC Meter.epru:25150; BOM row 2; Gerber.zip!/FlyingProbeTesting.json:C1_*
C2,100nF,GRM21BR71H104KA01K,C0805,1,POPULATE,Source/BOM part and footprint agree; fit exactly the specified part after orientation and continuity inspection.,"Maintains the extracted Rev.1 topology; this is assembly intent, not physical qualification.","Substitutions require the same pad functions, dimensions, ratings and application behavior.",SCHEMATIC_VERIFIED; FABRICATION_VERIFIED (export); NEEDS_OWNER_INSPECTION,epro2!/WTK RLC Meter.epru:25144; BOM row 2; Gerber.zip!/FlyingProbeTesting.json:C2_*
CADC1,1nF,C2012C0G1H102J060AA,C0805,1,POPULATE,Source/BOM part and footprint agree; fit exactly the specified part after orientation and continuity inspection.,"Maintains the extracted Rev.1 topology; this is assembly intent, not physical qualification.","Substitutions require the same pad functions, dimensions, ratings and application behavior.",SCHEMATIC_VERIFIED; FABRICATION_VERIFIED (export); NEEDS_OWNER_INSPECTION,epro2!/WTK RLC Meter.epru:25294; BOM row 3; Gerber.zip!/FlyingProbeTesting.json:CADC1_*
CADC2,1nF,C2012C0G1H102J060AA,C0805,1,POPULATE,Source/BOM part and footprint agree; fit exactly the specified part after orientation and continuity inspection.,"Maintains the extracted Rev.1 topology; this is assembly intent, not physical qualification.","Substitutions require the same pad functions, dimensions, ratings and application behavior.",SCHEMATIC_VERIFIED; FABRICATION_VERIFIED (export); NEEDS_OWNER_INSPECTION,epro2!/WTK RLC Meter.epru:25288; BOM row 3; Gerber.zip!/FlyingProbeTesting.json:CADC2_*
CADC3,1nF,C2012C0G1H102J060AA,C0805,1,POPULATE,Source/BOM part and footprint agree; fit exactly the specified part after orientation and continuity inspection.,"Maintains the extracted Rev.1 topology; this is assembly intent, not physical qualification.","Substitutions require the same pad functions, dimensions, ratings and application behavior.",SCHEMATIC_VERIFIED; FABRICATION_VERIFIED (export); NEEDS_OWNER_INSPECTION,epro2!/WTK RLC Meter.epru:25300; BOM row 3; Gerber.zip!/FlyingProbeTesting.json:CADC3_*
CADC4,1nF,C2012C0G1H102J060AA,C0805,1,POPULATE,Source/BOM part and footprint agree; fit exactly the specified part after orientation and continuity inspection.,"Maintains the extracted Rev.1 topology; this is assembly intent, not physical qualification.","Substitutions require the same pad functions, dimensions, ratings and application behavior.",SCHEMATIC_VERIFIED; FABRICATION_VERIFIED (export); NEEDS_OWNER_INSPECTION,epro2!/WTK RLC Meter.epru:25253; BOM row 3; Gerber.zip!/FlyingProbeTesting.json:CADC4_*
CBAT,100nF,GRM21BR71H104KA01L,C0805,1,POPULATE,Source/BOM part and footprint agree; fit exactly the specified part after orientation and continuity inspection.,"Maintains the extracted Rev.1 topology; this is assembly intent, not physical qualification.","Substitutions require the same pad functions, dimensions, ratings and application behavior.",SCHEMATIC_VERIFIED; FABRICATION_VERIFIED (export); NEEDS_OWNER_INSPECTION,epro2!/WTK RLC Meter.epru:15206; BOM row 4; Gerber.zip!/FlyingProbeTesting.json:CBAT_*
CF1,1nF,C2012C0G1H102J060AA,C0805,1,POPULATE,Source/BOM part and footprint agree; fit exactly the specified part after orientation and continuity inspection.,"Maintains the extracted Rev.1 topology; this is assembly intent, not physical qualification.","Substitutions require the same pad functions, dimensions, ratings and application behavior.",SCHEMATIC_VERIFIED; FABRICATION_VERIFIED (export); NEEDS_OWNER_INSPECTION,epro2!/WTK RLC Meter.epru:25444; BOM row 3; Gerber.zip!/FlyingProbeTesting.json:CF1_*
CF2,1nF,C2012C0G1H102J060AA,C0805,1,POPULATE,Source/BOM part and footprint agree; fit exactly the specified part after orientation and continuity inspection.,"Maintains the extracted Rev.1 topology; this is assembly intent, not physical qualification.","Substitutions require the same pad functions, dimensions, ratings and application behavior.",SCHEMATIC_VERIFIED; FABRICATION_VERIFIED (export); NEEDS_OWNER_INSPECTION,epro2!/WTK RLC Meter.epru:25450; BOM row 3; Gerber.zip!/FlyingProbeTesting.json:CF2_*
CF3,1nF,C2012C0G1H102J060AA,C0805,1,POPULATE,Source/BOM part and footprint agree; fit exactly the specified part after orientation and continuity inspection.,"Maintains the extracted Rev.1 topology; this is assembly intent, not physical qualification.","Substitutions require the same pad functions, dimensions, ratings and application behavior.",SCHEMATIC_VERIFIED; FABRICATION_VERIFIED (export); NEEDS_OWNER_INSPECTION,epro2!/WTK RLC Meter.epru:25456; BOM row 3; Gerber.zip!/FlyingProbeTesting.json:CF3_*
CIN1,10uF,C3216X7R1E106K160AB,C1206,1,POPULATE,Source/BOM part and footprint agree; fit exactly the specified part after orientation and continuity inspection.,"Maintains the extracted Rev.1 topology; this is assembly intent, not physical qualification.","Substitutions require the same pad functions, dimensions, ratings and application behavior.",SCHEMATIC_VERIFIED; FABRICATION_VERIFIED (export); NEEDS_OWNER_INSPECTION,epro2!/WTK RLC Meter.epru:15218; BOM row 5; Gerber.zip!/FlyingProbeTesting.json:CIN1_*
CIN2,100nF,CGA4J2X7R1H104K125AA,C0805,1,POPULATE,Source/BOM part and footprint agree; fit exactly the specified part after orientation and continuity inspection.,"Maintains the extracted Rev.1 topology; this is assembly intent, not physical qualification.","Substitutions require the same pad functions, dimensions, ratings and application behavior.",SCHEMATIC_VERIFIED; FABRICATION_VERIFIED (export); NEEDS_OWNER_INSPECTION,epro2!/WTK RLC Meter.epru:15194; BOM row 6; Gerber.zip!/FlyingProbeTesting.json:CIN2_*
CNTC,100nF,GRM21BR71H104KA01L,C0805,1,POPULATE,Source/BOM part and footprint agree; fit exactly the specified part after orientation and continuity inspection.,"Maintains the extracted Rev.1 topology; this is assembly intent, not physical qualification.","Substitutions require the same pad functions, dimensions, ratings and application behavior.",SCHEMATIC_VERIFIED; FABRICATION_VERIFIED (export); NEEDS_OWNER_INSPECTION,epro2!/WTK RLC Meter.epru:17045; BOM row 4; Gerber.zip!/FlyingProbeTesting.json:CNTC_*
COUT1,220uF,EEUFR1A221,CAP-TH_BD6.3-P2.50-D1.0-FD,1,POPULATE,"Polarized Panasonic EEUFR1A221 220uF/10V; source pad 1 positive on +5V_A, pad 2 GND; inspect stripe and voltage rating.","Maintains the extracted Rev.1 topology; this is assembly intent, not physical qualification.","Substitutions require the same pad functions, dimensions, ratings and application behavior.",SCHEMATIC_VERIFIED; FABRICATION_VERIFIED (export); NEEDS_OWNER_INSPECTION,epro2!/WTK RLC Meter.epru:15188; BOM row 7; Gerber.zip!/FlyingProbeTesting.json:COUT1_*
COUT2,10uF,C3216X7R1E106K160AB,C1206,1,POPULATE,Source/BOM part and footprint agree; fit exactly the specified part after orientation and continuity inspection.,"Maintains the extracted Rev.1 topology; this is assembly intent, not physical qualification.","Substitutions require the same pad functions, dimensions, ratings and application behavior.",SCHEMATIC_VERIFIED; FABRICATION_VERIFIED (export); NEEDS_OWNER_INSPECTION,epro2!/WTK RLC Meter.epru:15176; BOM row 5; Gerber.zip!/FlyingProbeTesting.json:COUT2_*
COUT3,1uF,CL21B105KBFNNNE,C0805,1,POPULATE,Source/BOM part and footprint agree; fit exactly the specified part after orientation and continuity inspection.,"Maintains the extracted Rev.1 topology; this is assembly intent, not physical qualification.","Substitutions require the same pad functions, dimensions, ratings and application behavior.",SCHEMATIC_VERIFIED; FABRICATION_VERIFIED (export); NEEDS_OWNER_INSPECTION,epro2!/WTK RLC Meter.epru:15182; BOM row 8; Gerber.zip!/FlyingProbeTesting.json:COUT3_*
COUT4,100nF,CGA4J2X7R1H104K125AA,C0805,1,POPULATE,Source/BOM part and footprint agree; fit exactly the specified part after orientation and continuity inspection.,"Maintains the extracted Rev.1 topology; this is assembly intent, not physical qualification.","Substitutions require the same pad functions, dimensions, ratings and application behavior.",SCHEMATIC_VERIFIED; FABRICATION_VERIFIED (export); NEEDS_OWNER_INSPECTION,epro2!/WTK RLC Meter.epru:15170; BOM row 6; Gerber.zip!/FlyingProbeTesting.json:COUT4_*
COV_HI,10nF,GRM2195C1H103JA01D,C0805,1,POPULATE,Source/BOM part and footprint agree; fit exactly the specified part after orientation and continuity inspection.,"Maintains the extracted Rev.1 topology; this is assembly intent, not physical qualification.","Substitutions require the same pad functions, dimensions, ratings and application behavior.",SCHEMATIC_VERIFIED; FABRICATION_VERIFIED (export); NEEDS_OWNER_INSPECTION,epro2!/WTK RLC Meter.epru:25575; BOM row 9; Gerber.zip!/FlyingProbeTesting.json:COV_HI_*
COV_LO,10nF,GRM2195C1H103JA01D,C0805,1,POPULATE,Source/BOM part and footprint agree; fit exactly the specified part after orientation and continuity inspection.,"Maintains the extracted Rev.1 topology; this is assembly intent, not physical qualification.","Substitutions require the same pad functions, dimensions, ratings and application behavior.",SCHEMATIC_VERIFIED; FABRICATION_VERIFIED (export); NEEDS_OWNER_INSPECTION,epro2!/WTK RLC Meter.epru:25581; BOM row 9; Gerber.zip!/FlyingProbeTesting.json:COV_LO_*
CU1,100nF,CGA4J2X7R1H104K125AA,C0805,1,POPULATE,Source/BOM part and footprint agree; fit exactly the specified part after orientation and continuity inspection.,"Maintains the extracted Rev.1 topology; this is assembly intent, not physical qualification.","Substitutions require the same pad functions, dimensions, ratings and application behavior.",SCHEMATIC_VERIFIED; FABRICATION_VERIFIED (export); NEEDS_OWNER_INSPECTION,epro2!/WTK RLC Meter.epru:24863; BOM row 6; Gerber.zip!/FlyingProbeTesting.json:CU1_*
CU2,1uF,CL21B105KBFNNNE,C0805,1,POPULATE,Source/BOM part and footprint agree; fit exactly the specified part after orientation and continuity inspection.,"Maintains the extracted Rev.1 topology; this is assembly intent, not physical qualification.","Substitutions require the same pad functions, dimensions, ratings and application behavior.",SCHEMATIC_VERIFIED; FABRICATION_VERIFIED (export); NEEDS_OWNER_INSPECTION,epro2!/WTK RLC Meter.epru:24869; BOM row 8; Gerber.zip!/FlyingProbeTesting.json:CU2_*
CU3,100nF,CGA4J2X7R1H104K125AA,C0805,1,POPULATE,Source/BOM part and footprint agree; fit exactly the specified part after orientation and continuity inspection.,"Maintains the extracted Rev.1 topology; this is assembly intent, not physical qualification.","Substitutions require the same pad functions, dimensions, ratings and application behavior.",SCHEMATIC_VERIFIED; FABRICATION_VERIFIED (export); NEEDS_OWNER_INSPECTION,epro2!/WTK RLC Meter.epru:25402; BOM row 6; Gerber.zip!/FlyingProbeTesting.json:CU3_*
CVMID1,10uF,C3216X7R1E106K160AB,C1206,1,POPULATE,Source/BOM part and footprint agree; fit exactly the specified part after orientation and continuity inspection.,"Maintains the extracted Rev.1 topology; this is assembly intent, not physical qualification.","Substitutions require the same pad functions, dimensions, ratings and application behavior.",SCHEMATIC_VERIFIED; FABRICATION_VERIFIED (export); NEEDS_OWNER_INSPECTION,epro2!/WTK RLC Meter.epru:25414; BOM row 5; Gerber.zip!/FlyingProbeTesting.json:CVMID1_*
CVMID2,100nF,CGA4J2X7R1H104K125AA,C0805,1,POPULATE,Source/BOM part and footprint agree; fit exactly the specified part after orientation and continuity inspection.,"Maintains the extracted Rev.1 topology; this is assembly intent, not physical qualification.","Substitutions require the same pad functions, dimensions, ratings and application behavior.",SCHEMATIC_VERIFIED; FABRICATION_VERIFIED (export); NEEDS_OWNER_INSPECTION,epro2!/WTK RLC Meter.epru:25420; BOM row 6; Gerber.zip!/FlyingProbeTesting.json:CVMID2_*
DCL1,,BAT54S-7-F,SOT-23_L2.9-W1.3-P1.90-LS2.4-BR,1,POPULATE,"BAT54S series pair: pad 1 GND, pad 2 +3V3, pad 3 ADC; do not substitute BAT54A/C with different junction wiring.","Maintains the extracted Rev.1 topology; this is assembly intent, not physical qualification.","Substitutions require the same pad functions, dimensions, ratings and application behavior.",SCHEMATIC_VERIFIED; FABRICATION_VERIFIED (export); NEEDS_OWNER_INSPECTION,epro2!/WTK RLC Meter.epru:25233; BOM row 10; Gerber.zip!/FlyingProbeTesting.json:DCL1_*
DCL2,,BAT54S-7-F,SOT-23_L2.9-W1.3-P1.90-LS2.4-BR,1,POPULATE,"BAT54S series pair: pad 1 GND, pad 2 +3V3, pad 3 ADC; do not substitute BAT54A/C with different junction wiring.","Maintains the extracted Rev.1 topology; this is assembly intent, not physical qualification.","Substitutions require the same pad functions, dimensions, ratings and application behavior.",SCHEMATIC_VERIFIED; FABRICATION_VERIFIED (export); NEEDS_OWNER_INSPECTION,epro2!/WTK RLC Meter.epru:25275; BOM row 10; Gerber.zip!/FlyingProbeTesting.json:DCL2_*
DCL3,,BAT54S-7-F,SOT-23_L2.9-W1.3-P1.90-LS2.4-BR,1,POPULATE,"BAT54S series pair: pad 1 GND, pad 2 +3V3, pad 3 ADC; do not substitute BAT54A/C with different junction wiring.","Maintains the extracted Rev.1 topology; this is assembly intent, not physical qualification.","Substitutions require the same pad functions, dimensions, ratings and application behavior.",SCHEMATIC_VERIFIED; FABRICATION_VERIFIED (export); NEEDS_OWNER_INSPECTION,epro2!/WTK RLC Meter.epru:25395; BOM row 10; Gerber.zip!/FlyingProbeTesting.json:DCL3_*
DCL4,,BAT54S-7-F,SOT-23_L2.9-W1.3-P1.90-LS2.4-BR,1,POPULATE,"BAT54S series pair: pad 1 GND, pad 2 +3V3, pad 3 ADC; do not substitute BAT54A/C with different junction wiring.","Maintains the extracted Rev.1 topology; this is assembly intent, not physical qualification.","Substitutions require the same pad functions, dimensions, ratings and application behavior.",SCHEMATIC_VERIFIED; FABRICATION_VERIFIED (export); NEEDS_OWNER_INSPECTION,epro2!/WTK RLC Meter.epru:25240; BOM row 10; Gerber.zip!/FlyingProbeTesting.json:DCL4_*
DCLAMP5,,BAT54S-7-F,SOT-23_L2.9-W1.3-P1.90-LS2.4-BR,1,POPULATE,"BAT54S series pair: pad 1 GND, pad 2 +3V3, pad 3 ADC; do not substitute BAT54A/C with different junction wiring.","Maintains the extracted Rev.1 topology; this is assembly intent, not physical qualification.","Substitutions require the same pad functions, dimensions, ratings and application behavior.",SCHEMATIC_VERIFIED; FABRICATION_VERIFIED (export); NEEDS_OWNER_INSPECTION,epro2!/WTK RLC Meter.epru:25599; BOM row 10; Gerber.zip!/FlyingProbeTesting.json:DCLAMP5_*
DCLAMP6,,BAT54S-7-F,SOT-23_L2.9-W1.3-P1.90-LS2.4-BR,1,POPULATE,"BAT54S series pair: pad 1 GND, pad 2 +3V3, pad 3 ADC; do not substitute BAT54A/C with different junction wiring.","Maintains the extracted Rev.1 topology; this is assembly intent, not physical qualification.","Substitutions require the same pad functions, dimensions, ratings and application behavior.",SCHEMATIC_VERIFIED; FABRICATION_VERIFIED (export); NEEDS_OWNER_INSPECTION,epro2!/WTK RLC Meter.epru:16455; BOM row 10; Gerber.zip!/FlyingProbeTesting.json:DCLAMP6_*
DK1,,1N4148W-7-F,SOD-123_L2.7-W1.6-LS3.7-RD-1,1,POPULATE,Source/BOM part and footprint agree; fit exactly the specified part after orientation and continuity inspection.,"Maintains the extracted Rev.1 topology; this is assembly intent, not physical qualification.","Substitutions require the same pad functions, dimensions, ratings and application behavior.",SCHEMATIC_VERIFIED; FABRICATION_VERIFIED (export); NEEDS_OWNER_INSPECTION,epro2!/WTK RLC Meter.epru:25550; BOM row 11; Gerber.zip!/FlyingProbeTesting.json:DK1_*
DK2,,1N4148W-7-F,SOD-123_L2.7-W1.6-LS3.7-RD-1,1,DNP,Unused K2 relay and driver chain; firmware declares fixed 0-ohm low-Z bank.,R0_BANK is the sole LOWZ_BUS-to-RET connection; PA11 remains LOW.,K2 relay mode requires R0_BANK DNP and a separately reviewed firmware/topology change.,SCHEMATIC_VERIFIED; FABRICATION_VERIFIED (export); NEEDS_OWNER_INSPECTION,epro2!/WTK RLC Meter.epru:24887; BOM row 11; Gerber.zip!/FlyingProbeTesting.json:DK2_*
D_TVS,,SMAJ120CA-13-F,SMA_L4.4-W2.6-LS5.0-BI,1,DNP,Optional series TVS/link branch across TEST_HI/TEST_LO; SMAJ120CA is not low-voltage ADC protection.,No added TVS leakage/capacitance; residual sensing and SAFE bleeder remain essential. No live external voltage capability.,Populate only as a matched pair after leakage/protection review; neither path grants CAT/HV capability.,SCHEMATIC_VERIFIED; FABRICATION_VERIFIED (export); NEEDS_OWNER_INSPECTION,epro2!/WTK RLC Meter.epru:25479; BOM row 12; Gerber.zip!/FlyingProbeTesting.json:D_TVS_*
J_BTN,,2.54-1*4,HDR-TH_4P-P2.54-V-M-1,1,POPULATE,Source/BOM part and footprint agree; fit exactly the specified part after orientation and continuity inspection.,"Maintains the extracted Rev.1 topology; this is assembly intent, not physical qualification.","Substitutions require the same pad functions, dimensions, ratings and application behavior.",SCHEMATIC_VERIFIED; FABRICATION_VERIFIED (export); NEEDS_OWNER_INSPECTION,epro2!/WTK RLC Meter.epru:29499; BOM row 13; Gerber.zip!/FlyingProbeTesting.json:J_BTN_*
J_PWR,,2.54-1*4,HDR-TH_4P-P2.54-V-M-1,1,POPULATE,Source/BOM part and footprint agree; fit exactly the specified part after orientation and continuity inspection.,"Maintains the extracted Rev.1 topology; this is assembly intent, not physical qualification.","Substitutions require the same pad functions, dimensions, ratings and application behavior.",SCHEMATIC_VERIFIED; FABRICATION_VERIFIED (export); NEEDS_OWNER_INSPECTION,epro2!/WTK RLC Meter.epru:15224; BOM row 13; Gerber.zip!/FlyingProbeTesting.json:J_PWR_*
J_TEST,,1715721,CONN-TH_P5.08_1715721,1,POPULATE,Source/BOM part and footprint agree; fit exactly the specified part after orientation and continuity inspection.,"Maintains the extracted Rev.1 topology; this is assembly intent, not physical qualification.","Substitutions require the same pad functions, dimensions, ratings and application behavior.",SCHEMATIC_VERIFIED; FABRICATION_VERIFIED (export); NEEDS_OWNER_INSPECTION,epro2!/WTK RLC Meter.epru:25544; BOM row 14; Gerber.zip!/FlyingProbeTesting.json:J_TEST_*
J_TFT,,2.54-1*9P母,HDR-TH_9P-P2.54-V-F-1,1,HOLD FOR REVIEW,A05-R01: actual 1x9 connector; module pin order/mechanical fit not supplied.,Do not connect a 2x5 or differently ordered module directly.,Verified cable adapter may solve pin order; backlight still requires A05-R02 resolution.,SCHEMATIC_VERIFIED; FABRICATION_VERIFIED (export); NEEDS_OWNER_INSPECTION,epro2!/WTK RLC Meter.epru:28813; BOM row 15; Gerber.zip!/FlyingProbeTesting.json:J_TFT_*
J_UART,,2.54-1*3,HDR-TH_3P-P2.54-V-M-1,1,POPULATE,Source/BOM part and footprint agree; fit exactly the specified part after orientation and continuity inspection.,"Maintains the extracted Rev.1 topology; this is assembly intent, not physical qualification.","Substitutions require the same pad functions, dimensions, ratings and application behavior.",SCHEMATIC_VERIFIED; FABRICATION_VERIFIED (export); NEEDS_OWNER_INSPECTION,epro2!/WTK RLC Meter.epru:27485; BOM row 16; Gerber.zip!/FlyingProbeTesting.json:J_UART_*
K1,,HFD27/005-S,RELAY-TH_HFD27-005-S,1,POPULATE,Source/BOM part and footprint agree; fit exactly the specified part after orientation and continuity inspection.,"Maintains the extracted Rev.1 topology; this is assembly intent, not physical qualification.","Substitutions require the same pad functions, dimensions, ratings and application behavior.",SCHEMATIC_VERIFIED; FABRICATION_VERIFIED (export); NEEDS_OWNER_INSPECTION,epro2!/WTK RLC Meter.epru:16555; BOM row 17; Gerber.zip!/FlyingProbeTesting.json:K1_*
K2,,HFD27/005-S,RELAY-TH_HFD27-005-S,1,DNP,Unused K2 relay and driver chain; firmware declares fixed 0-ohm low-Z bank.,R0_BANK is the sole LOWZ_BUS-to-RET connection; PA11 remains LOW.,K2 relay mode requires R0_BANK DNP and a separately reviewed firmware/topology change.,SCHEMATIC_VERIFIED; FABRICATION_VERIFIED (export); NEEDS_OWNER_INSPECTION,epro2!/WTK RLC Meter.epru:24875; BOM row 17; Gerber.zip!/FlyingProbeTesting.json:K2_*
NTC1,,MF58-104J3950GB,RES-TH_BD2.0-L4.0-P7.00-D0.5,1,POPULATE,Source/BOM part and footprint agree; fit exactly the specified part after orientation and continuity inspection.,"Maintains the extracted Rev.1 topology; this is assembly intent, not physical qualification.","Substitutions require the same pad functions, dimensions, ratings and application behavior.",SCHEMATIC_VERIFIED; FABRICATION_VERIFIED (export); NEEDS_OWNER_INSPECTION,epro2!/WTK RLC Meter.epru:17038; BOM row 18; Gerber.zip!/FlyingProbeTesting.json:NTC1_*
QBUZZ,,BC817-25-7-F,SOT-23-3_L2.9-W1.3-P1.90-LS2.4-BR,1,POPULATE,SOT-23 BC807/BC817 B1/E2/C3 matches source and Diodes pinout; identify the actual marking and orientation.,"Maintains the extracted Rev.1 topology; this is assembly intent, not physical qualification.","Substitutions require the same pad functions, dimensions, ratings and application behavior.",SCHEMATIC_VERIFIED; FABRICATION_VERIFIED (export); NEEDS_OWNER_INSPECTION,epro2!/WTK RLC Meter.epru:27274; BOM row 19; Gerber.zip!/FlyingProbeTesting.json:QBUZZ_*
QG1,,BC807-25-7-F,SOT-23-3_L2.9-W1.3-P1.90-LS2.4-BR,1,POPULATE,SOT-23 BC807/BC817 B1/E2/C3 matches source and Diodes pinout; identify the actual marking and orientation.,"Maintains the extracted Rev.1 topology; this is assembly intent, not physical qualification.","Substitutions require the same pad functions, dimensions, ratings and application behavior.",SCHEMATIC_VERIFIED; FABRICATION_VERIFIED (export); NEEDS_OWNER_INSPECTION,epro2!/WTK RLC Meter.epru:24932; BOM row 20; Gerber.zip!/FlyingProbeTesting.json:QG1_*
QG2,,BC807-25-7-F,SOT-23-3_L2.9-W1.3-P1.90-LS2.4-BR,1,POPULATE,SOT-23 BC807/BC817 B1/E2/C3 matches source and Diodes pinout; identify the actual marking and orientation.,"Maintains the extracted Rev.1 topology; this is assembly intent, not physical qualification.","Substitutions require the same pad functions, dimensions, ratings and application behavior.",SCHEMATIC_VERIFIED; FABRICATION_VERIFIED (export); NEEDS_OWNER_INSPECTION,epro2!/WTK RLC Meter.epru:24939; BOM row 20; Gerber.zip!/FlyingProbeTesting.json:QG2_*
QG3,,BC807-25-7-F,SOT-23-3_L2.9-W1.3-P1.90-LS2.4-BR,1,POPULATE,SOT-23 BC807/BC817 B1/E2/C3 matches source and Diodes pinout; identify the actual marking and orientation.,"Maintains the extracted Rev.1 topology; this is assembly intent, not physical qualification.","Substitutions require the same pad functions, dimensions, ratings and application behavior.",SCHEMATIC_VERIFIED; FABRICATION_VERIFIED (export); NEEDS_OWNER_INSPECTION,epro2!/WTK RLC Meter.epru:24925; BOM row 20; Gerber.zip!/FlyingProbeTesting.json:QG3_*
QG4,,BC807-25-7-F,SOT-23-3_L2.9-W1.3-P1.90-LS2.4-BR,1,POPULATE,SOT-23 BC807/BC817 B1/E2/C3 matches source and Diodes pinout; identify the actual marking and orientation.,"Maintains the extracted Rev.1 topology; this is assembly intent, not physical qualification.","Substitutions require the same pad functions, dimensions, ratings and application behavior.",SCHEMATIC_VERIFIED; FABRICATION_VERIFIED (export); NEEDS_OWNER_INSPECTION,epro2!/WTK RLC Meter.epru:24918; BOM row 20; Gerber.zip!/FlyingProbeTesting.json:QG4_*
QG5,,BC807-25-7-F,SOT-23-3_L2.9-W1.3-P1.90-LS2.4-BR,1,POPULATE,SOT-23 BC807/BC817 B1/E2/C3 matches source and Diodes pinout; identify the actual marking and orientation.,"Maintains the extracted Rev.1 topology; this is assembly intent, not physical qualification.","Substitutions require the same pad functions, dimensions, ratings and application behavior.",SCHEMATIC_VERIFIED; FABRICATION_VERIFIED (export); NEEDS_OWNER_INSPECTION,epro2!/WTK RLC Meter.epru:24953; BOM row 20; Gerber.zip!/FlyingProbeTesting.json:QG5_*
QG6,,BC807-25-7-F,SOT-23-3_L2.9-W1.3-P1.90-LS2.4-BR,1,POPULATE,SOT-23 BC807/BC817 B1/E2/C3 matches source and Diodes pinout; identify the actual marking and orientation.,"Maintains the extracted Rev.1 topology; this is assembly intent, not physical qualification.","Substitutions require the same pad functions, dimensions, ratings and application behavior.",SCHEMATIC_VERIFIED; FABRICATION_VERIFIED (export); NEEDS_OWNER_INSPECTION,epro2!/WTK RLC Meter.epru:24911; BOM row 20; Gerber.zip!/FlyingProbeTesting.json:QG6_*
QK1,,BC817-25-7-F,SOT-23-3_L2.9-W1.3-P1.90-LS2.4-BR,1,POPULATE,SOT-23 BC807/BC817 B1/E2/C3 matches source and Diodes pinout; identify the actual marking and orientation.,"Maintains the extracted Rev.1 topology; this is assembly intent, not physical qualification.","Substitutions require the same pad functions, dimensions, ratings and application behavior.",SCHEMATIC_VERIFIED; FABRICATION_VERIFIED (export); NEEDS_OWNER_INSPECTION,epro2!/WTK RLC Meter.epru:25316; BOM row 19; Gerber.zip!/FlyingProbeTesting.json:QK1_*
QK2,,BC817-25-7-F,SOT-23-3_L2.9-W1.3-P1.90-LS2.4-BR,1,DNP,Unused K2 relay and driver chain; firmware declares fixed 0-ohm low-Z bank.,R0_BANK is the sole LOWZ_BUS-to-RET connection; PA11 remains LOW.,K2 relay mode requires R0_BANK DNP and a separately reviewed firmware/topology change.,SCHEMATIC_VERIFIED; FABRICATION_VERIFIED (export); NEEDS_OWNER_INSPECTION,epro2!/WTK RLC Meter.epru:24893; BOM row 19; Gerber.zip!/FlyingProbeTesting.json:QK2_*
QSEL1,,AO3400A,SOT-23-3_L2.9-W1.3-P1.90-LS2.4-BR,1,HOLD FOR REVIEW,A05-Y03: source pad mapping is G1/S2/D3; exact YONGYUTAI/CBI lot datasheets and components are not verified.,Hold soldering until actual pinout/package and low-VGS behavior are confirmed; high-Z leakage still needs bench evidence.,AOS/Nexperia reference datasheets do not qualify these other manufacturers; requalify substitutions.,SCHEMATIC_VERIFIED; FABRICATION_VERIFIED (export); NEEDS_OWNER_INSPECTION,epro2!/WTK RLC Meter.epru:25090; BOM row 21; Gerber.zip!/FlyingProbeTesting.json:QSEL1_*
QSEL2,,AO3400A,SOT-23-3_L2.9-W1.3-P1.90-LS2.4-BR,1,HOLD FOR REVIEW,A05-Y03: source pad mapping is G1/S2/D3; exact YONGYUTAI/CBI lot datasheets and components are not verified.,Hold soldering until actual pinout/package and low-VGS behavior are confirmed; high-Z leakage still needs bench evidence.,AOS/Nexperia reference datasheets do not qualify these other manufacturers; requalify substitutions.,SCHEMATIC_VERIFIED; FABRICATION_VERIFIED (export); NEEDS_OWNER_INSPECTION,epro2!/WTK RLC Meter.epru:25062; BOM row 21; Gerber.zip!/FlyingProbeTesting.json:QSEL2_*
QSEL3,,AO3400A,SOT-23-3_L2.9-W1.3-P1.90-LS2.4-BR,1,HOLD FOR REVIEW,A05-Y03: source pad mapping is G1/S2/D3; exact YONGYUTAI/CBI lot datasheets and components are not verified.,Hold soldering until actual pinout/package and low-VGS behavior are confirmed; high-Z leakage still needs bench evidence.,AOS/Nexperia reference datasheets do not qualify these other manufacturers; requalify substitutions.,SCHEMATIC_VERIFIED; FABRICATION_VERIFIED (export); NEEDS_OWNER_INSPECTION,epro2!/WTK RLC Meter.epru:25069; BOM row 21; Gerber.zip!/FlyingProbeTesting.json:QSEL3_*
QSEL4,,AO3400A,SOT-23-3_L2.9-W1.3-P1.90-LS2.4-BR,1,HOLD FOR REVIEW,A05-Y03: source pad mapping is G1/S2/D3; exact YONGYUTAI/CBI lot datasheets and components are not verified.,Hold soldering until actual pinout/package and low-VGS behavior are confirmed; high-Z leakage still needs bench evidence.,AOS/Nexperia reference datasheets do not qualify these other manufacturers; requalify substitutions.,SCHEMATIC_VERIFIED; FABRICATION_VERIFIED (export); NEEDS_OWNER_INSPECTION,epro2!/WTK RLC Meter.epru:25083; BOM row 21; Gerber.zip!/FlyingProbeTesting.json:QSEL4_*
QSEL5,,AO3400A,SOT-23-3_L2.9-W1.3-P1.90-LS2.4-BR,1,HOLD FOR REVIEW,A05-Y03: source pad mapping is G1/S2/D3; exact YONGYUTAI/CBI lot datasheets and components are not verified.,Hold soldering until actual pinout/package and low-VGS behavior are confirmed; high-Z leakage still needs bench evidence.,AOS/Nexperia reference datasheets do not qualify these other manufacturers; requalify substitutions.,SCHEMATIC_VERIFIED; FABRICATION_VERIFIED (export); NEEDS_OWNER_INSPECTION,epro2!/WTK RLC Meter.epru:25076; BOM row 21; Gerber.zip!/FlyingProbeTesting.json:QSEL5_*
QSEL6,,AO3400A,SOT-23-3_L2.9-W1.3-P1.90-LS2.4-BR,1,HOLD FOR REVIEW,A05-Y03: source pad mapping is G1/S2/D3; exact YONGYUTAI/CBI lot datasheets and components are not verified.,Hold soldering until actual pinout/package and low-VGS behavior are confirmed; high-Z leakage still needs bench evidence.,AOS/Nexperia reference datasheets do not qualify these other manufacturers; requalify substitutions.,SCHEMATIC_VERIFIED; FABRICATION_VERIFIED (export); NEEDS_OWNER_INSPECTION,epro2!/WTK RLC Meter.epru:24946; BOM row 21; Gerber.zip!/FlyingProbeTesting.json:QSEL6_*
QSEL7A,,2N7002,SOT-23-3_L2.9-W1.3-P1.90-LS2.4-BR,1,HOLD FOR REVIEW,A05-Y03: source pad mapping is G1/S2/D3; exact YONGYUTAI/CBI lot datasheets and components are not verified.,Hold soldering until actual pinout/package and low-VGS behavior are confirmed; high-Z leakage still needs bench evidence.,AOS/Nexperia reference datasheets do not qualify these other manufacturers; requalify substitutions.,SCHEMATIC_VERIFIED; FABRICATION_VERIFIED (export); NEEDS_OWNER_INSPECTION,epro2!/WTK RLC Meter.epru:26396; BOM row 22; Gerber.zip!/FlyingProbeTesting.json:QSEL7A_*
QSEL7B,,2N7002,SOT-23-3_L2.9-W1.3-P1.90-LS2.4-BR,1,HOLD FOR REVIEW,A05-Y03: source pad mapping is G1/S2/D3; exact YONGYUTAI/CBI lot datasheets and components are not verified.,Hold soldering until actual pinout/package and low-VGS behavior are confirmed; high-Z leakage still needs bench evidence.,AOS/Nexperia reference datasheets do not qualify these other manufacturers; requalify substitutions.,SCHEMATIC_VERIFIED; FABRICATION_VERIFIED (export); NEEDS_OWNER_INSPECTION,epro2!/WTK RLC Meter.epru:26403; BOM row 22; Gerber.zip!/FlyingProbeTesting.json:QSEL7B_*
QSEL8A,,2N7002,SOT-23-3_L2.9-W1.3-P1.90-LS2.4-BR,1,HOLD FOR REVIEW,A05-Y03: source pad mapping is G1/S2/D3; exact YONGYUTAI/CBI lot datasheets and components are not verified.,Hold soldering until actual pinout/package and low-VGS behavior are confirmed; high-Z leakage still needs bench evidence.,AOS/Nexperia reference datasheets do not qualify these other manufacturers; requalify substitutions.,SCHEMATIC_VERIFIED; FABRICATION_VERIFIED (export); NEEDS_OWNER_INSPECTION,epro2!/WTK RLC Meter.epru:26410; BOM row 22; Gerber.zip!/FlyingProbeTesting.json:QSEL8A_*
QSEL8B,,2N7002,SOT-23-3_L2.9-W1.3-P1.90-LS2.4-BR,1,HOLD FOR REVIEW,A05-Y03: source pad mapping is G1/S2/D3; exact YONGYUTAI/CBI lot datasheets and components are not verified.,Hold soldering until actual pinout/package and low-VGS behavior are confirmed; high-Z leakage still needs bench evidence.,AOS/Nexperia reference datasheets do not qualify these other manufacturers; requalify substitutions.,SCHEMATIC_VERIFIED; FABRICATION_VERIFIED (export); NEEDS_OWNER_INSPECTION,epro2!/WTK RLC Meter.epru:26417; BOM row 22; Gerber.zip!/FlyingProbeTesting.json:QSEL8B_*
QSEL9A,,2N7002,SOT-23-3_L2.9-W1.3-P1.90-LS2.4-BR,1,HOLD FOR REVIEW,A05-Y03: source pad mapping is G1/S2/D3; exact YONGYUTAI/CBI lot datasheets and components are not verified.,Hold soldering until actual pinout/package and low-VGS behavior are confirmed; high-Z leakage still needs bench evidence.,AOS/Nexperia reference datasheets do not qualify these other manufacturers; requalify substitutions.,SCHEMATIC_VERIFIED; FABRICATION_VERIFIED (export); NEEDS_OWNER_INSPECTION,epro2!/WTK RLC Meter.epru:26424; BOM row 22; Gerber.zip!/FlyingProbeTesting.json:QSEL9A_*
QSEL9B,,2N7002,SOT-23-3_L2.9-W1.3-P1.90-LS2.4-BR,1,HOLD FOR REVIEW,A05-Y03: source pad mapping is G1/S2/D3; exact YONGYUTAI/CBI lot datasheets and components are not verified.,Hold soldering until actual pinout/package and low-VGS behavior are confirmed; high-Z leakage still needs bench evidence.,AOS/Nexperia reference datasheets do not qualify these other manufacturers; requalify substitutions.,SCHEMATIC_VERIFIED; FABRICATION_VERIFIED (export); NEEDS_OWNER_INSPECTION,epro2!/WTK RLC Meter.epru:26431; BOM row 22; Gerber.zip!/FlyingProbeTesting.json:QSEL9B_*
QUSB_INH,,BC817-25-7-F,SOT-23-3_L2.9-W1.3-P1.90-LS2.4-BR,1,POPULATE,SOT-23 BC807/BC817 B1/E2/C3 matches source and Diodes pinout; identify the actual marking and orientation.,"Maintains the extracted Rev.1 topology; this is assembly intent, not physical qualification.","Substitutions require the same pad functions, dimensions, ratings and application behavior.",SCHEMATIC_VERIFIED; FABRICATION_VERIFIED (export); NEEDS_OWNER_INSPECTION,epro2!/WTK RLC Meter.epru:25329; BOM row 19; Gerber.zip!/FlyingProbeTesting.json:QUSB_INH_*
R0_BANK,0Ω,RC1206JR-070RL,R1206,1,POPULATE,Required fixed bank link matches hw_k2.c and the extracted circuit.,Permanently connects LOWZ_BUS to RET for 10/100/1k ranges.,K2 POPULATE is incompatible with this baseline.,SCHEMATIC_VERIFIED; FABRICATION_VERIFIED (export); NEEDS_OWNER_INSPECTION,epro2!/WTK RLC Meter.epru:25140; BOM row 23; Gerber.zip!/FlyingProbeTesting.json:R0_BANK_*
RA,4.7Ω,RC1206FR-074R7L,R1206,1,POPULATE,Source/BOM part and footprint agree; fit exactly the specified part after orientation and continuity inspection.,"Maintains the extracted Rev.1 topology; this is assembly intent, not physical qualification.","Substitutions require the same pad functions, dimensions, ratings and application behavior.",SCHEMATIC_VERIFIED; FABRICATION_VERIFIED (export); NEEDS_OWNER_INSPECTION,epro2!/WTK RLC Meter.epru:15164; BOM row 24; Gerber.zip!/FlyingProbeTesting.json:RA_*
RADC1,1kΩ,RC0805FR-071KL,R0805,1,POPULATE,Source/BOM part and footprint agree; fit exactly the specified part after orientation and continuity inspection.,"Maintains the extracted Rev.1 topology; this is assembly intent, not physical qualification.","Substitutions require the same pad functions, dimensions, ratings and application behavior.",SCHEMATIC_VERIFIED; FABRICATION_VERIFIED (export); NEEDS_OWNER_INSPECTION,epro2!/WTK RLC Meter.epru:25468; BOM row 25; Gerber.zip!/FlyingProbeTesting.json:RADC1_*
RADC2,1kΩ,RC0805FR-071KL,R0805,1,POPULATE,Source/BOM part and footprint agree; fit exactly the specified part after orientation and continuity inspection.,"Maintains the extracted Rev.1 topology; this is assembly intent, not physical qualification.","Substitutions require the same pad functions, dimensions, ratings and application behavior.",SCHEMATIC_VERIFIED; FABRICATION_VERIFIED (export); NEEDS_OWNER_INSPECTION,epro2!/WTK RLC Meter.epru:25282; BOM row 25; Gerber.zip!/FlyingProbeTesting.json:RADC2_*
RADC3,1kΩ,RC0805FR-071KL,R0805,1,POPULATE,Source/BOM part and footprint agree; fit exactly the specified part after orientation and continuity inspection.,"Maintains the extracted Rev.1 topology; this is assembly intent, not physical qualification.","Substitutions require the same pad functions, dimensions, ratings and application behavior.",SCHEMATIC_VERIFIED; FABRICATION_VERIFIED (export); NEEDS_OWNER_INSPECTION,epro2!/WTK RLC Meter.epru:25306; BOM row 25; Gerber.zip!/FlyingProbeTesting.json:RADC3_*
RADC4,1kΩ,RC0805FR-071KL,R0805,1,POPULATE,Source/BOM part and footprint agree; fit exactly the specified part after orientation and continuity inspection.,"Maintains the extracted Rev.1 topology; this is assembly intent, not physical qualification.","Substitutions require the same pad functions, dimensions, ratings and application behavior.",SCHEMATIC_VERIFIED; FABRICATION_VERIFIED (export); NEEDS_OWNER_INSPECTION,epro2!/WTK RLC Meter.epru:25247; BOM row 25; Gerber.zip!/FlyingProbeTesting.json:RADC4_*
RBASE1,4.7kΩ,RC0805FR-074K7L,R0805,1,POPULATE,Source/BOM part and footprint agree; fit exactly the specified part after orientation and continuity inspection.,"Maintains the extracted Rev.1 topology; this is assembly intent, not physical qualification.","Substitutions require the same pad functions, dimensions, ratings and application behavior.",SCHEMATIC_VERIFIED; FABRICATION_VERIFIED (export); NEEDS_OWNER_INSPECTION,epro2!/WTK RLC Meter.epru:25204; BOM row 26; Gerber.zip!/FlyingProbeTesting.json:RBASE1_*
RBASE2,4.7kΩ,RC0805FR-074K7L,R0805,1,POPULATE,Source/BOM part and footprint agree; fit exactly the specified part after orientation and continuity inspection.,"Maintains the extracted Rev.1 topology; this is assembly intent, not physical qualification.","Substitutions require the same pad functions, dimensions, ratings and application behavior.",SCHEMATIC_VERIFIED; FABRICATION_VERIFIED (export); NEEDS_OWNER_INSPECTION,epro2!/WTK RLC Meter.epru:25180; BOM row 26; Gerber.zip!/FlyingProbeTesting.json:RBASE2_*
RBASE3,4.7kΩ,RC0805FR-074K7L,R0805,1,POPULATE,Source/BOM part and footprint agree; fit exactly the specified part after orientation and continuity inspection.,"Maintains the extracted Rev.1 topology; this is assembly intent, not physical qualification.","Substitutions require the same pad functions, dimensions, ratings and application behavior.",SCHEMATIC_VERIFIED; FABRICATION_VERIFIED (export); NEEDS_OWNER_INSPECTION,epro2!/WTK RLC Meter.epru:25192; BOM row 26; Gerber.zip!/FlyingProbeTesting.json:RBASE3_*
RBASE4,4.7kΩ,RC0805FR-074K7L,R0805,1,POPULATE,Source/BOM part and footprint agree; fit exactly the specified part after orientation and continuity inspection.,"Maintains the extracted Rev.1 topology; this is assembly intent, not physical qualification.","Substitutions require the same pad functions, dimensions, ratings and application behavior.",SCHEMATIC_VERIFIED; FABRICATION_VERIFIED (export); NEEDS_OWNER_INSPECTION,epro2!/WTK RLC Meter.epru:25174; BOM row 26; Gerber.zip!/FlyingProbeTesting.json:RBASE4_*
RBASE5,4.7kΩ,RC0805FR-074K7L,R0805,1,POPULATE,Source/BOM part and footprint agree; fit exactly the specified part after orientation and continuity inspection.,"Maintains the extracted Rev.1 topology; this is assembly intent, not physical qualification.","Substitutions require the same pad functions, dimensions, ratings and application behavior.",SCHEMATIC_VERIFIED; FABRICATION_VERIFIED (export); NEEDS_OWNER_INSPECTION,epro2!/WTK RLC Meter.epru:25198; BOM row 26; Gerber.zip!/FlyingProbeTesting.json:RBASE5_*
RBASE6,4.7kΩ,RC0805FR-074K7L,R0805,1,POPULATE,Source/BOM part and footprint agree; fit exactly the specified part after orientation and continuity inspection.,"Maintains the extracted Rev.1 topology; this is assembly intent, not physical qualification.","Substitutions require the same pad functions, dimensions, ratings and application behavior.",SCHEMATIC_VERIFIED; FABRICATION_VERIFIED (export); NEEDS_OWNER_INSPECTION,epro2!/WTK RLC Meter.epru:25162; BOM row 26; Gerber.zip!/FlyingProbeTesting.json:RBASE6_*
RBAT1,100kΩ,RC0805FR-07100KL,R0805_NEW,1,POPULATE,Source/BOM part and footprint agree; fit exactly the specified part after orientation and continuity inspection.,"Maintains the extracted Rev.1 topology; this is assembly intent, not physical qualification.","Substitutions require the same pad functions, dimensions, ratings and application behavior.",SCHEMATIC_VERIFIED; FABRICATION_VERIFIED (export); NEEDS_OWNER_INSPECTION,epro2!/WTK RLC Meter.epru:15212; BOM row 27; Gerber.zip!/FlyingProbeTesting.json:RBAT1_*
RBAT2,100kΩ,RC0805FR-07100KL,R0805_NEW,1,POPULATE,Source/BOM part and footprint agree; fit exactly the specified part after orientation and continuity inspection.,"Maintains the extracted Rev.1 topology; this is assembly intent, not physical qualification.","Substitutions require the same pad functions, dimensions, ratings and application behavior.",SCHEMATIC_VERIFIED; FABRICATION_VERIFIED (export); NEEDS_OWNER_INSPECTION,epro2!/WTK RLC Meter.epru:15200; BOM row 27; Gerber.zip!/FlyingProbeTesting.json:RBAT2_*
RBBUZZ,4.7kΩ,RMC12064.7K1%N,R1206,1,POPULATE,Source/BOM part and footprint agree; fit exactly the specified part after orientation and continuity inspection.,"Maintains the extracted Rev.1 topology; this is assembly intent, not physical qualification.","Substitutions require the same pad functions, dimensions, ratings and application behavior.",SCHEMATIC_VERIFIED; FABRICATION_VERIFIED (export); NEEDS_OWNER_INSPECTION,epro2!/WTK RLC Meter.epru:29819; BOM row 28; Gerber.zip!/FlyingProbeTesting.json:RBBUZZ_*
RBLEED1,47kΩ,RC1206FR-0747KL,R1206,1,POPULATE,Source/BOM part and footprint agree; fit exactly the specified part after orientation and continuity inspection.,"Maintains the extracted Rev.1 topology; this is assembly intent, not physical qualification.","Substitutions require the same pad functions, dimensions, ratings and application behavior.",SCHEMATIC_VERIFIED; FABRICATION_VERIFIED (export); NEEDS_OWNER_INSPECTION,epro2!/WTK RLC Meter.epru:25348; BOM row 29; Gerber.zip!/FlyingProbeTesting.json:RBLEED1_*
RBLEED2,47kΩ,RC1206FR-0747KL,R1206,1,POPULATE,Source/BOM part and footprint agree; fit exactly the specified part after orientation and continuity inspection.,"Maintains the extracted Rev.1 topology; this is assembly intent, not physical qualification.","Substitutions require the same pad functions, dimensions, ratings and application behavior.",SCHEMATIC_VERIFIED; FABRICATION_VERIFIED (export); NEEDS_OWNER_INSPECTION,epro2!/WTK RLC Meter.epru:25354; BOM row 29; Gerber.zip!/FlyingProbeTesting.json:RBLEED2_*
RBUP1,47kΩ,RC0805FR-0747KL,R0805,1,POPULATE,Source/BOM part and footprint agree; fit exactly the specified part after orientation and continuity inspection.,"Maintains the extracted Rev.1 topology; this is assembly intent, not physical qualification.","Substitutions require the same pad functions, dimensions, ratings and application behavior.",SCHEMATIC_VERIFIED; FABRICATION_VERIFIED (export); NEEDS_OWNER_INSPECTION,epro2!/WTK RLC Meter.epru:25210; BOM row 30; Gerber.zip!/FlyingProbeTesting.json:RBUP1_*
RBUP2,47kΩ,RC0805FR-0747KL,R0805,1,POPULATE,Source/BOM part and footprint agree; fit exactly the specified part after orientation and continuity inspection.,"Maintains the extracted Rev.1 topology; this is assembly intent, not physical qualification.","Substitutions require the same pad functions, dimensions, ratings and application behavior.",SCHEMATIC_VERIFIED; FABRICATION_VERIFIED (export); NEEDS_OWNER_INSPECTION,epro2!/WTK RLC Meter.epru:25186; BOM row 30; Gerber.zip!/FlyingProbeTesting.json:RBUP2_*
RBUP3,47kΩ,RC0805FR-0747KL,R0805,1,POPULATE,Source/BOM part and footprint agree; fit exactly the specified part after orientation and continuity inspection.,"Maintains the extracted Rev.1 topology; this is assembly intent, not physical qualification.","Substitutions require the same pad functions, dimensions, ratings and application behavior.",SCHEMATIC_VERIFIED; FABRICATION_VERIFIED (export); NEEDS_OWNER_INSPECTION,epro2!/WTK RLC Meter.epru:25222; BOM row 30; Gerber.zip!/FlyingProbeTesting.json:RBUP3_*
RBUP4,47kΩ,RC0805FR-0747KL,R0805,1,POPULATE,Source/BOM part and footprint agree; fit exactly the specified part after orientation and continuity inspection.,"Maintains the extracted Rev.1 topology; this is assembly intent, not physical qualification.","Substitutions require the same pad functions, dimensions, ratings and application behavior.",SCHEMATIC_VERIFIED; FABRICATION_VERIFIED (export); NEEDS_OWNER_INSPECTION,epro2!/WTK RLC Meter.epru:25228; BOM row 30; Gerber.zip!/FlyingProbeTesting.json:RBUP4_*
RBUP5,47kΩ,RC0805FR-0747KL,R0805,1,POPULATE,Source/BOM part and footprint agree; fit exactly the specified part after orientation and continuity inspection.,"Maintains the extracted Rev.1 topology; this is assembly intent, not physical qualification.","Substitutions require the same pad functions, dimensions, ratings and application behavior.",SCHEMATIC_VERIFIED; FABRICATION_VERIFIED (export); NEEDS_OWNER_INSPECTION,epro2!/WTK RLC Meter.epru:25216; BOM row 30; Gerber.zip!/FlyingProbeTesting.json:RBUP5_*
RBUP6,47kΩ,RC0805FR-0747KL,R0805,1,POPULATE,Source/BOM part and footprint agree; fit exactly the specified part after orientation and continuity inspection.,"Maintains the extracted Rev.1 topology; this is assembly intent, not physical qualification.","Substitutions require the same pad functions, dimensions, ratings and application behavior.",SCHEMATIC_VERIFIED; FABRICATION_VERIFIED (export); NEEDS_OWNER_INSPECTION,epro2!/WTK RLC Meter.epru:25168; BOM row 30; Gerber.zip!/FlyingProbeTesting.json:RBUP6_*
RCHG_H,10kΩ,RC0805FR-0710KL,R0805,1,POPULATE,Source/BOM part and footprint agree; fit exactly the specified part after orientation and continuity inspection.,"Maintains the extracted Rev.1 topology; this is assembly intent, not physical qualification.","Substitutions require the same pad functions, dimensions, ratings and application behavior.",SCHEMATIC_VERIFIED; FABRICATION_VERIFIED (export); NEEDS_OWNER_INSPECTION,epro2!/WTK RLC Meter.epru:27187; BOM row 31; Gerber.zip!/FlyingProbeTesting.json:RCHG_H_*
RCHG_L,12kΩ,CR0805J80123G,R0805,1,POPULATE,Source/BOM part and footprint agree; fit exactly the specified part after orientation and continuity inspection.,"Maintains the extracted Rev.1 topology; this is assembly intent, not physical qualification.","Substitutions require the same pad functions, dimensions, ratings and application behavior.",SCHEMATIC_VERIFIED; FABRICATION_VERIFIED (export); NEEDS_OWNER_INSPECTION,epro2!/WTK RLC Meter.epru:27193; BOM row 32; Gerber.zip!/FlyingProbeTesting.json:RCHG_L_*
REN,10kΩ,RC0805FR-0710KL,R0805,1,POPULATE,Source/BOM part and footprint agree; fit exactly the specified part after orientation and continuity inspection.,"Maintains the extracted Rev.1 topology; this is assembly intent, not physical qualification.","Substitutions require the same pad functions, dimensions, ratings and application behavior.",SCHEMATIC_VERIFIED; FABRICATION_VERIFIED (export); NEEDS_OWNER_INSPECTION,epro2!/WTK RLC Meter.epru:25133; BOM row 31; Gerber.zip!/FlyingProbeTesting.json:REN_*
RF1,5.1kΩ,RC0805FR-075K1L,R0805,1,POPULATE,Source/BOM part and footprint agree; fit exactly the specified part after orientation and continuity inspection.,"Maintains the extracted Rev.1 topology; this is assembly intent, not physical qualification.","Substitutions require the same pad functions, dimensions, ratings and application behavior.",SCHEMATIC_VERIFIED; FABRICATION_VERIFIED (export); NEEDS_OWNER_INSPECTION,epro2!/WTK RLC Meter.epru:25438; BOM row 33; Gerber.zip!/FlyingProbeTesting.json:RF1_*
RF2,5.1kΩ,RC0805FR-075K1L,R0805,1,POPULATE,Source/BOM part and footprint agree; fit exactly the specified part after orientation and continuity inspection.,"Maintains the extracted Rev.1 topology; this is assembly intent, not physical qualification.","Substitutions require the same pad functions, dimensions, ratings and application behavior.",SCHEMATIC_VERIFIED; FABRICATION_VERIFIED (export); NEEDS_OWNER_INSPECTION,epro2!/WTK RLC Meter.epru:25432; BOM row 33; Gerber.zip!/FlyingProbeTesting.json:RF2_*
RF3,5.1kΩ,RC0805FR-075K1L,R0805,1,POPULATE,Source/BOM part and footprint agree; fit exactly the specified part after orientation and continuity inspection.,"Maintains the extracted Rev.1 topology; this is assembly intent, not physical qualification.","Substitutions require the same pad functions, dimensions, ratings and application behavior.",SCHEMATIC_VERIFIED; FABRICATION_VERIFIED (export); NEEDS_OWNER_INSPECTION,epro2!/WTK RLC Meter.epru:25426; BOM row 33; Gerber.zip!/FlyingProbeTesting.json:RF3_*
RFLASH_CS,10kΩ,RC0805FR-0710KL,R0805,1,POPULATE,Source/BOM part and footprint agree; fit exactly the specified part after orientation and continuity inspection.,"Maintains the extracted Rev.1 topology; this is assembly intent, not physical qualification.","Substitutions require the same pad functions, dimensions, ratings and application behavior.",SCHEMATIC_VERIFIED; FABRICATION_VERIFIED (export); NEEDS_OWNER_INSPECTION,epro2!/WTK RLC Meter.epru:25156; BOM row 31; Gerber.zip!/FlyingProbeTesting.json:RFLASH_CS_*
RFLASH_HOLD,10kΩ,RC0805FR-0710KL,R0805,1,POPULATE,Source/BOM part and footprint agree; fit exactly the specified part after orientation and continuity inspection.,"Maintains the extracted Rev.1 topology; this is assembly intent, not physical qualification.","Substitutions require the same pad functions, dimensions, ratings and application behavior.",SCHEMATIC_VERIFIED; FABRICATION_VERIFIED (export); NEEDS_OWNER_INSPECTION,epro2!/WTK RLC Meter.epru:15033; BOM row 31; Gerber.zip!/FlyingProbeTesting.json:RFLASH_HOLD_*
RFLASH_WP,10kΩ,RC0805FR-0710KL,R0805,1,POPULATE,Source/BOM part and footprint agree; fit exactly the specified part after orientation and continuity inspection.,"Maintains the extracted Rev.1 topology; this is assembly intent, not physical qualification.","Substitutions require the same pad functions, dimensions, ratings and application behavior.",SCHEMATIC_VERIFIED; FABRICATION_VERIFIED (export); NEEDS_OWNER_INSPECTION,epro2!/WTK RLC Meter.epru:15027; BOM row 31; Gerber.zip!/FlyingProbeTesting.json:RFLASH_WP_*
RF_HG,68kΩ,RC0805FR-0768KL,R0805,1,POPULATE,Source/BOM part and footprint agree; fit exactly the specified part after orientation and continuity inspection.,"Maintains the extracted Rev.1 topology; this is assembly intent, not physical qualification.","Substitutions require the same pad functions, dimensions, ratings and application behavior.",SCHEMATIC_VERIFIED; FABRICATION_VERIFIED (export); NEEDS_OWNER_INSPECTION,epro2!/WTK RLC Meter.epru:25259; BOM row 34; Gerber.zip!/FlyingProbeTesting.json:RF_HG_*
RGATE1,100Ω,RC0805FR-07100RL,R0805,1,POPULATE,Source/BOM part and footprint agree; fit exactly the specified part after orientation and continuity inspection.,"Maintains the extracted Rev.1 topology; this is assembly intent, not physical qualification.","Substitutions require the same pad functions, dimensions, ratings and application behavior.",SCHEMATIC_VERIFIED; FABRICATION_VERIFIED (export); NEEDS_OWNER_INSPECTION,epro2!/WTK RLC Meter.epru:24972; BOM row 35; Gerber.zip!/FlyingProbeTesting.json:RGATE1_*
RGATE2,100Ω,RC0805FR-07100RL,R0805,1,POPULATE,Source/BOM part and footprint agree; fit exactly the specified part after orientation and continuity inspection.,"Maintains the extracted Rev.1 topology; this is assembly intent, not physical qualification.","Substitutions require the same pad functions, dimensions, ratings and application behavior.",SCHEMATIC_VERIFIED; FABRICATION_VERIFIED (export); NEEDS_OWNER_INSPECTION,epro2!/WTK RLC Meter.epru:24978; BOM row 35; Gerber.zip!/FlyingProbeTesting.json:RGATE2_*
RGATE3,100Ω,RC0805FR-07100RL,R0805,1,POPULATE,Source/BOM part and footprint agree; fit exactly the specified part after orientation and continuity inspection.,"Maintains the extracted Rev.1 topology; this is assembly intent, not physical qualification.","Substitutions require the same pad functions, dimensions, ratings and application behavior.",SCHEMATIC_VERIFIED; FABRICATION_VERIFIED (export); NEEDS_OWNER_INSPECTION,epro2!/WTK RLC Meter.epru:24984; BOM row 35; Gerber.zip!/FlyingProbeTesting.json:RGATE3_*
RGATE4,100Ω,RC0805FR-07100RL,R0805,1,POPULATE,Source/BOM part and footprint agree; fit exactly the specified part after orientation and continuity inspection.,"Maintains the extracted Rev.1 topology; this is assembly intent, not physical qualification.","Substitutions require the same pad functions, dimensions, ratings and application behavior.",SCHEMATIC_VERIFIED; FABRICATION_VERIFIED (export); NEEDS_OWNER_INSPECTION,epro2!/WTK RLC Meter.epru:24966; BOM row 35; Gerber.zip!/FlyingProbeTesting.json:RGATE4_*
RGATE5,100Ω,RC0805FR-07100RL,R0805,1,POPULATE,Source/BOM part and footprint agree; fit exactly the specified part after orientation and continuity inspection.,"Maintains the extracted Rev.1 topology; this is assembly intent, not physical qualification.","Substitutions require the same pad functions, dimensions, ratings and application behavior.",SCHEMATIC_VERIFIED; FABRICATION_VERIFIED (export); NEEDS_OWNER_INSPECTION,epro2!/WTK RLC Meter.epru:24990; BOM row 35; Gerber.zip!/FlyingProbeTesting.json:RGATE5_*
RGATE6,100Ω,RC0805FR-07100RL,R0805,1,POPULATE,Source/BOM part and footprint agree; fit exactly the specified part after orientation and continuity inspection.,"Maintains the extracted Rev.1 topology; this is assembly intent, not physical qualification.","Substitutions require the same pad functions, dimensions, ratings and application behavior.",SCHEMATIC_VERIFIED; FABRICATION_VERIFIED (export); NEEDS_OWNER_INSPECTION,epro2!/WTK RLC Meter.epru:24960; BOM row 35; Gerber.zip!/FlyingProbeTesting.json:RGATE6_*
RGS1,10kΩ,RC0805FR-0710KL,R0805,1,POPULATE,Source/BOM part and footprint agree; fit exactly the specified part after orientation and continuity inspection.,"Maintains the extracted Rev.1 topology; this is assembly intent, not physical qualification.","Substitutions require the same pad functions, dimensions, ratings and application behavior.",SCHEMATIC_VERIFIED; FABRICATION_VERIFIED (export); NEEDS_OWNER_INSPECTION,epro2!/WTK RLC Meter.epru:25008; BOM row 31; Gerber.zip!/FlyingProbeTesting.json:RGS1_*
RGS2,10kΩ,RC0805FR-0710KL,R0805,1,POPULATE,Source/BOM part and footprint agree; fit exactly the specified part after orientation and continuity inspection.,"Maintains the extracted Rev.1 topology; this is assembly intent, not physical qualification.","Substitutions require the same pad functions, dimensions, ratings and application behavior.",SCHEMATIC_VERIFIED; FABRICATION_VERIFIED (export); NEEDS_OWNER_INSPECTION,epro2!/WTK RLC Meter.epru:25026; BOM row 31; Gerber.zip!/FlyingProbeTesting.json:RGS2_*
RGS3,10kΩ,RC0805FR-0710KL,R0805,1,POPULATE,Source/BOM part and footprint agree; fit exactly the specified part after orientation and continuity inspection.,"Maintains the extracted Rev.1 topology; this is assembly intent, not physical qualification.","Substitutions require the same pad functions, dimensions, ratings and application behavior.",SCHEMATIC_VERIFIED; FABRICATION_VERIFIED (export); NEEDS_OWNER_INSPECTION,epro2!/WTK RLC Meter.epru:25014; BOM row 31; Gerber.zip!/FlyingProbeTesting.json:RGS3_*
RGS4,10kΩ,RC0805FR-0710KL,R0805,1,POPULATE,Source/BOM part and footprint agree; fit exactly the specified part after orientation and continuity inspection.,"Maintains the extracted Rev.1 topology; this is assembly intent, not physical qualification.","Substitutions require the same pad functions, dimensions, ratings and application behavior.",SCHEMATIC_VERIFIED; FABRICATION_VERIFIED (export); NEEDS_OWNER_INSPECTION,epro2!/WTK RLC Meter.epru:25020; BOM row 31; Gerber.zip!/FlyingProbeTesting.json:RGS4_*
RGS5,10kΩ,RC0805FR-0710KL,R0805,1,POPULATE,Source/BOM part and footprint agree; fit exactly the specified part after orientation and continuity inspection.,"Maintains the extracted Rev.1 topology; this is assembly intent, not physical qualification.","Substitutions require the same pad functions, dimensions, ratings and application behavior.",SCHEMATIC_VERIFIED; FABRICATION_VERIFIED (export); NEEDS_OWNER_INSPECTION,epro2!/WTK RLC Meter.epru:24996; BOM row 31; Gerber.zip!/FlyingProbeTesting.json:RGS5_*
RGS6,10kΩ,RC0805FR-0710KL,R0805,1,POPULATE,Source/BOM part and footprint agree; fit exactly the specified part after orientation and continuity inspection.,"Maintains the extracted Rev.1 topology; this is assembly intent, not physical qualification.","Substitutions require the same pad functions, dimensions, ratings and application behavior.",SCHEMATIC_VERIFIED; FABRICATION_VERIFIED (export); NEEDS_OWNER_INSPECTION,epro2!/WTK RLC Meter.epru:25002; BOM row 31; Gerber.zip!/FlyingProbeTesting.json:RGS6_*
RG_HG,4.7kΩ,RC0805FR-074K7L,R0805,1,POPULATE,Source/BOM part and footprint agree; fit exactly the specified part after orientation and continuity inspection.,"Maintains the extracted Rev.1 topology; this is assembly intent, not physical qualification.","Substitutions require the same pad functions, dimensions, ratings and application behavior.",SCHEMATIC_VERIFIED; FABRICATION_VERIFIED (export); NEEDS_OWNER_INSPECTION,epro2!/WTK RLC Meter.epru:25265; BOM row 26; Gerber.zip!/FlyingProbeTesting.json:RG_HG_*
RHV1,560kΩ,RC1206FR-07560KL,R1206,1,POPULATE,Source/BOM part and footprint agree; fit exactly the specified part after orientation and continuity inspection.,"Maintains the extracted Rev.1 topology; this is assembly intent, not physical qualification.","Substitutions require the same pad functions, dimensions, ratings and application behavior.",SCHEMATIC_VERIFIED; FABRICATION_VERIFIED (export); NEEDS_OWNER_INSPECTION,epro2!/WTK RLC Meter.epru:25371; BOM row 36; Gerber.zip!/FlyingProbeTesting.json:RHV1_*
RHV2,560kΩ,RC1206FR-07560KL,R1206,1,POPULATE,Source/BOM part and footprint agree; fit exactly the specified part after orientation and continuity inspection.,"Maintains the extracted Rev.1 topology; this is assembly intent, not physical qualification.","Substitutions require the same pad functions, dimensions, ratings and application behavior.",SCHEMATIC_VERIFIED; FABRICATION_VERIFIED (export); NEEDS_OWNER_INSPECTION,epro2!/WTK RLC Meter.epru:25377; BOM row 36; Gerber.zip!/FlyingProbeTesting.json:RHV2_*
RHV3,560kΩ,RC1206FR-07560KL,R1206,1,POPULATE,Source/BOM part and footprint agree; fit exactly the specified part after orientation and continuity inspection.,"Maintains the extracted Rev.1 topology; this is assembly intent, not physical qualification.","Substitutions require the same pad functions, dimensions, ratings and application behavior.",SCHEMATIC_VERIFIED; FABRICATION_VERIFIED (export); NEEDS_OWNER_INSPECTION,epro2!/WTK RLC Meter.epru:25310; BOM row 36; Gerber.zip!/FlyingProbeTesting.json:RHV3_*
RHV4,560kΩ,RC1206FR-07560KL,R1206,1,POPULATE,Source/BOM part and footprint agree; fit exactly the specified part after orientation and continuity inspection.,"Maintains the extracted Rev.1 topology; this is assembly intent, not physical qualification.","Substitutions require the same pad functions, dimensions, ratings and application behavior.",SCHEMATIC_VERIFIED; FABRICATION_VERIFIED (export); NEEDS_OWNER_INSPECTION,epro2!/WTK RLC Meter.epru:25360; BOM row 36; Gerber.zip!/FlyingProbeTesting.json:RHV4_*
RHV5,560kΩ,RC1206FR-07560KL,R1206,1,POPULATE,Source/BOM part and footprint agree; fit exactly the specified part after orientation and continuity inspection.,"Maintains the extracted Rev.1 topology; this is assembly intent, not physical qualification.","Substitutions require the same pad functions, dimensions, ratings and application behavior.",SCHEMATIC_VERIFIED; FABRICATION_VERIFIED (export); NEEDS_OWNER_INSPECTION,epro2!/WTK RLC Meter.epru:25383; BOM row 36; Gerber.zip!/FlyingProbeTesting.json:RHV5_*
RHV6,560kΩ,RC1206FR-07560KL,R1206,1,POPULATE,Source/BOM part and footprint agree; fit exactly the specified part after orientation and continuity inspection.,"Maintains the extracted Rev.1 topology; this is assembly intent, not physical qualification.","Substitutions require the same pad functions, dimensions, ratings and application behavior.",SCHEMATIC_VERIFIED; FABRICATION_VERIFIED (export); NEEDS_OWNER_INSPECTION,epro2!/WTK RLC Meter.epru:25389; BOM row 36; Gerber.zip!/FlyingProbeTesting.json:RHV6_*
RHVLOW_HI,27kΩ,RC0805FR-0727KL,R0805,1,POPULATE,Source/BOM part and footprint agree; fit exactly the specified part after orientation and continuity inspection.,"Maintains the extracted Rev.1 topology; this is assembly intent, not physical qualification.","Substitutions require the same pad functions, dimensions, ratings and application behavior.",SCHEMATIC_VERIFIED; FABRICATION_VERIFIED (export); NEEDS_OWNER_INSPECTION,epro2!/WTK RLC Meter.epru:25563; BOM row 37; Gerber.zip!/FlyingProbeTesting.json:RHVLOW_HI_*
RHVLOW_LO,27kΩ,RC0805FR-0727KL,R0805,1,POPULATE,Source/BOM part and footprint agree; fit exactly the specified part after orientation and continuity inspection.,"Maintains the extracted Rev.1 topology; this is assembly intent, not physical qualification.","Substitutions require the same pad functions, dimensions, ratings and application behavior.",SCHEMATIC_VERIFIED; FABRICATION_VERIFIED (export); NEEDS_OWNER_INSPECTION,epro2!/WTK RLC Meter.epru:25569; BOM row 37; Gerber.zip!/FlyingProbeTesting.json:RHVLOW_LO_*
RK1B,1kΩ,RC0805FR-071KL,R0805,1,POPULATE,Source/BOM part and footprint agree; fit exactly the specified part after orientation and continuity inspection.,"Maintains the extracted Rev.1 topology; this is assembly intent, not physical qualification.","Substitutions require the same pad functions, dimensions, ratings and application behavior.",SCHEMATIC_VERIFIED; FABRICATION_VERIFIED (export); NEEDS_OWNER_INSPECTION,epro2!/WTK RLC Meter.epru:25323; BOM row 25; Gerber.zip!/FlyingProbeTesting.json:RK1B_*
RK1PD,100kΩ,RC0805FR-07100KL,R0805_NEW,1,POPULATE,Source/BOM part and footprint agree; fit exactly the specified part after orientation and continuity inspection.,"Maintains the extracted Rev.1 topology; this is assembly intent, not physical qualification.","Substitutions require the same pad functions, dimensions, ratings and application behavior.",SCHEMATIC_VERIFIED; FABRICATION_VERIFIED (export); NEEDS_OWNER_INSPECTION,epro2!/WTK RLC Meter.epru:25342; BOM row 27; Gerber.zip!/FlyingProbeTesting.json:RK1PD_*
RK2B,1kΩ,RC0805FR-071KL,R0805,1,DNP,Unused K2 relay and driver chain; firmware declares fixed 0-ohm low-Z bank.,R0_BANK is the sole LOWZ_BUS-to-RET connection; PA11 remains LOW.,K2 relay mode requires R0_BANK DNP and a separately reviewed firmware/topology change.,SCHEMATIC_VERIFIED; FABRICATION_VERIFIED (export); NEEDS_OWNER_INSPECTION,epro2!/WTK RLC Meter.epru:24900; BOM row 25; Gerber.zip!/FlyingProbeTesting.json:RK2B_*
RK2PD,100kΩ,RC0805FR-07100KL,R0805_NEW,1,DNP,Unused K2 relay and driver chain; firmware declares fixed 0-ohm low-Z bank.,R0_BANK is the sole LOWZ_BUS-to-RET connection; PA11 remains LOW.,K2 relay mode requires R0_BANK DNP and a separately reviewed firmware/topology change.,SCHEMATIC_VERIFIED; FABRICATION_VERIFIED (export); NEEDS_OWNER_INSPECTION,epro2!/WTK RLC Meter.epru:24906; BOM row 27; Gerber.zip!/FlyingProbeTesting.json:RK2PD_*
RMOSI,33Ω,CR0805F833R0G,R0805,1,POPULATE,Source/BOM part and footprint agree; fit exactly the specified part after orientation and continuity inspection.,"Maintains the extracted Rev.1 topology; this is assembly intent, not physical qualification.","Substitutions require the same pad functions, dimensions, ratings and application behavior.",SCHEMATIC_VERIFIED; FABRICATION_VERIFIED (export); NEEDS_OWNER_INSPECTION,epro2!/WTK RLC Meter.epru:27859; BOM row 38; Gerber.zip!/FlyingProbeTesting.json:RMOSI_*
RNTC,100kΩ,RC0805FR-07100KL,R0805_NEW,1,POPULATE,Source/BOM part and footprint agree; fit exactly the specified part after orientation and continuity inspection.,"Maintains the extracted Rev.1 topology; this is assembly intent, not physical qualification.","Substitutions require the same pad functions, dimensions, ratings and application behavior.",SCHEMATIC_VERIFIED; FABRICATION_VERIFIED (export); NEEDS_OWNER_INSPECTION,epro2!/WTK RLC Meter.epru:17468; BOM row 27; Gerber.zip!/FlyingProbeTesting.json:RNTC_*
ROV_HI,4.7kΩ,RC0805FR-074K7L,R0805,1,POPULATE,Source/BOM part and footprint agree; fit exactly the specified part after orientation and continuity inspection.,"Maintains the extracted Rev.1 topology; this is assembly intent, not physical qualification.","Substitutions require the same pad functions, dimensions, ratings and application behavior.",SCHEMATIC_VERIFIED; FABRICATION_VERIFIED (export); NEEDS_OWNER_INSPECTION,epro2!/WTK RLC Meter.epru:25587; BOM row 26; Gerber.zip!/FlyingProbeTesting.json:ROV_HI_*
ROV_LO,4.7kΩ,RC0805FR-074K7L,R0805,1,POPULATE,Source/BOM part and footprint agree; fit exactly the specified part after orientation and continuity inspection.,"Maintains the extracted Rev.1 topology; this is assembly intent, not physical qualification.","Substitutions require the same pad functions, dimensions, ratings and application behavior.",SCHEMATIC_VERIFIED; FABRICATION_VERIFIED (export); NEEDS_OWNER_INSPECTION,epro2!/WTK RLC Meter.epru:25593; BOM row 26; Gerber.zip!/FlyingProbeTesting.json:ROV_LO_*
RPBUZZ,4.7kΩ,CR0805J80472G,R0805,1,POPULATE,Source/BOM part and footprint agree; fit exactly the specified part after orientation and continuity inspection.,"Maintains the extracted Rev.1 topology; this is assembly intent, not physical qualification.","Substitutions require the same pad functions, dimensions, ratings and application behavior.",SCHEMATIC_VERIFIED; FABRICATION_VERIFIED (export); NEEDS_OWNER_INSPECTION,epro2!/WTK RLC Meter.epru:27842; BOM row 39; Gerber.zip!/FlyingProbeTesting.json:RPBUZZ_*
RREF1,10Ω,RT0805FRE0710RL,R0805,1,POPULATE,Nominal reference value retained; tolerance is an interval. Record actual fitted resistance and lot before OSL.,"Maintains the extracted Rev.1 topology; this is assembly intent, not physical qualification.","Substitutions require the same pad functions, dimensions, ratings and application behavior.",SCHEMATIC_VERIFIED; FABRICATION_VERIFIED (export); NEEDS_OWNER_INSPECTION,epro2!/WTK RLC Meter.epru:25109; BOM row 40; Gerber.zip!/FlyingProbeTesting.json:RREF1_*
RREF2,100Ω,CR0805F100RP05Z,R0805,1,POPULATE,Nominal reference value retained; tolerance is an interval. Record actual fitted resistance and lot before OSL.,"Maintains the extracted Rev.1 topology; this is assembly intent, not physical qualification.","Substitutions require the same pad functions, dimensions, ratings and application behavior.",SCHEMATIC_VERIFIED; FABRICATION_VERIFIED (export); NEEDS_OWNER_INSPECTION,epro2!/WTK RLC Meter.epru:25121; BOM row 41; Gerber.zip!/FlyingProbeTesting.json:RREF2_*
RREF3,1kΩ,RT0805FRE071KL,R0805,1,POPULATE,Nominal reference value retained; tolerance is an interval. Record actual fitted resistance and lot before OSL.,"Maintains the extracted Rev.1 topology; this is assembly intent, not physical qualification.","Substitutions require the same pad functions, dimensions, ratings and application behavior.",SCHEMATIC_VERIFIED; FABRICATION_VERIFIED (export); NEEDS_OWNER_INSPECTION,epro2!/WTK RLC Meter.epru:25115; BOM row 42; Gerber.zip!/FlyingProbeTesting.json:RREF3_*
RREF4,10kΩ,RT0805FRE0710KL,R0805,1,POPULATE,Nominal reference value retained; tolerance is an interval. Record actual fitted resistance and lot before OSL.,"Maintains the extracted Rev.1 topology; this is assembly intent, not physical qualification.","Substitutions require the same pad functions, dimensions, ratings and application behavior.",SCHEMATIC_VERIFIED; FABRICATION_VERIFIED (export); NEEDS_OWNER_INSPECTION,epro2!/WTK RLC Meter.epru:25097; BOM row 43; Gerber.zip!/FlyingProbeTesting.json:RREF4_*
RREF5,100kΩ,RT0805FRE07100KL,R0805,1,POPULATE,Nominal reference value retained; tolerance is an interval. Record actual fitted resistance and lot before OSL.,"Maintains the extracted Rev.1 topology; this is assembly intent, not physical qualification.","Substitutions require the same pad functions, dimensions, ratings and application behavior.",SCHEMATIC_VERIFIED; FABRICATION_VERIFIED (export); NEEDS_OWNER_INSPECTION,epro2!/WTK RLC Meter.epru:25103; BOM row 44; Gerber.zip!/FlyingProbeTesting.json:RREF5_*
RREF6,1MΩ,CR0805F81004G,R0805,1,POPULATE,Nominal reference value retained; tolerance is an interval. Record actual fitted resistance and lot before OSL.,"Maintains the extracted Rev.1 topology; this is assembly intent, not physical qualification.","Substitutions require the same pad functions, dimensions, ratings and application behavior.",SCHEMATIC_VERIFIED; FABRICATION_VERIFIED (export); NEEDS_OWNER_INSPECTION,epro2!/WTK RLC Meter.epru:25127; BOM row 45; Gerber.zip!/FlyingProbeTesting.json:RREF6_*
RSCK,33Ω,CR0805F833R0G,R0805,1,POPULATE,Source/BOM part and footprint agree; fit exactly the specified part after orientation and continuity inspection.,"Maintains the extracted Rev.1 topology; this is assembly intent, not physical qualification.","Substitutions require the same pad functions, dimensions, ratings and application behavior.",SCHEMATIC_VERIFIED; FABRICATION_VERIFIED (export); NEEDS_OWNER_INSPECTION,epro2!/WTK RLC Meter.epru:27865; BOM row 38; Gerber.zip!/FlyingProbeTesting.json:RSCK_*
RTFT_CS,10kΩ,RC0805FR-0710KL,R0805,1,POPULATE,Source/BOM part and footprint agree; fit exactly the specified part after orientation and continuity inspection.,"Maintains the extracted Rev.1 topology; this is assembly intent, not physical qualification.","Substitutions require the same pad functions, dimensions, ratings and application behavior.",SCHEMATIC_VERIFIED; FABRICATION_VERIFIED (export); NEEDS_OWNER_INSPECTION,epro2!/WTK RLC Meter.epru:25519; BOM row 31; Gerber.zip!/FlyingProbeTesting.json:RTFT_CS_*
RUSB_B,10kΩ,RC0805FR-0710KL,R0805,1,POPULATE,Source/BOM part and footprint agree; fit exactly the specified part after orientation and continuity inspection.,"Maintains the extracted Rev.1 topology; this is assembly intent, not physical qualification.","Substitutions require the same pad functions, dimensions, ratings and application behavior.",SCHEMATIC_VERIFIED; FABRICATION_VERIFIED (export); NEEDS_OWNER_INSPECTION,epro2!/WTK RLC Meter.epru:25366; BOM row 31; Gerber.zip!/FlyingProbeTesting.json:RUSB_B_*
RUSB_PD,100kΩ,RC0805FR-07100KL,R0805_NEW,1,POPULATE,Source/BOM part and footprint agree; fit exactly the specified part after orientation and continuity inspection.,"Maintains the extracted Rev.1 topology; this is assembly intent, not physical qualification.","Substitutions require the same pad functions, dimensions, ratings and application behavior.",SCHEMATIC_VERIFIED; FABRICATION_VERIFIED (export); NEEDS_OWNER_INSPECTION,epro2!/WTK RLC Meter.epru:25336; BOM row 27; Gerber.zip!/FlyingProbeTesting.json:RUSB_PD_*
RVMID1,10kΩ,RC0805FR-0710KL,R0805,1,POPULATE,Source/BOM part and footprint agree; fit exactly the specified part after orientation and continuity inspection.,"Maintains the extracted Rev.1 topology; this is assembly intent, not physical qualification.","Substitutions require the same pad functions, dimensions, ratings and application behavior.",SCHEMATIC_VERIFIED; FABRICATION_VERIFIED (export); NEEDS_OWNER_INSPECTION,epro2!/WTK RLC Meter.epru:25408; BOM row 31; Gerber.zip!/FlyingProbeTesting.json:RVMID1_*
RVMID2,10kΩ,RC0805FR-0710KL,R0805,1,POPULATE,Source/BOM part and footprint agree; fit exactly the specified part after orientation and continuity inspection.,"Maintains the extracted Rev.1 topology; this is assembly intent, not physical qualification.","Substitutions require the same pad functions, dimensions, ratings and application behavior.",SCHEMATIC_VERIFIED; FABRICATION_VERIFIED (export); NEEDS_OWNER_INSPECTION,epro2!/WTK RLC Meter.epru:16183; BOM row 31; Gerber.zip!/FlyingProbeTesting.json:RVMID2_*
R_BYP_VEXC,0Ω,RC1206JR-070RL,R1206,1,POPULATE,Mandatory op-amp output/feedback link; not an optional active-guard component.,Closes the U4 buffer output-to-feedback connection. DNP leaves the buffer loop/output disconnected.,Do not omit unless the replacement series path is explicitly designed and verified.,SCHEMATIC_VERIFIED; FABRICATION_VERIFIED (export); NEEDS_OWNER_INSPECTION,epro2!/WTK RLC Meter.epru:25462; BOM row 23; Gerber.zip!/FlyingProbeTesting.json:R_BYP_VEXC_*
R_BYP_VM,0Ω,RC1206JR-070RL,R1206,1,POPULATE,Mandatory op-amp output/feedback link; not an optional active-guard component.,Closes the U4 buffer output-to-feedback connection. DNP leaves the buffer loop/output disconnected.,Do not omit unless the replacement series path is explicitly designed and verified.,SCHEMATIC_VERIFIED; FABRICATION_VERIFIED (export); NEEDS_OWNER_INSPECTION,epro2!/WTK RLC Meter.epru:25270; BOM row 23; Gerber.zip!/FlyingProbeTesting.json:R_BYP_VM_*
R_TFT_LED,0Ω,RC0805JR-070RL,R0805,1,HOLD FOR REVIEW,A05-R02: 0-ohm direct PB0-to-J_TFT.8 connection; ILI9341 alone does not identify LED input type/current.,Leave open until a logic-enable input is proven or a rated external driver is fitted.,Raw LED backlight needs a driver/current control; a resistor choice alone is not an approved correction.,SCHEMATIC_VERIFIED; FABRICATION_VERIFIED (export); NEEDS_OWNER_INSPECTION,epro2!/WTK RLC Meter.epru:15297; BOM row 46; Gerber.zip!/FlyingProbeTesting.json:R_TFT_LED_*
R_TVS_LINK,0Ω,RC0805JR-070RL,R0805,1,DNP,Optional series TVS/link branch across TEST_HI/TEST_LO; SMAJ120CA is not low-voltage ADC protection.,No added TVS leakage/capacitance; residual sensing and SAFE bleeder remain essential. No live external voltage capability.,Populate only as a matched pair after leakage/protection review; neither path grants CAT/HV capability.,SCHEMATIC_VERIFIED; FABRICATION_VERIFIED (export); NEEDS_OWNER_INSPECTION,epro2!/WTK RLC Meter.epru:25473; BOM row 46; Gerber.zip!/FlyingProbeTesting.json:R_TVS_LINK_*
U2,,"74HC238D,653",SOIC-16_L9.9-W3.9-P1.27-LS6.0-BL,1,POPULATE,Source/BOM part and footprint agree; fit exactly the specified part after orientation and continuity inspection.,"Maintains the extracted Rev.1 topology; this is assembly intent, not physical qualification.","Substitutions require the same pad functions, dimensions, ratings and application behavior.",SCHEMATIC_VERIFIED; FABRICATION_VERIFIED (export); NEEDS_OWNER_INSPECTION,epro2!/WTK RLC Meter.epru:16756; BOM row 47; Gerber.zip!/FlyingProbeTesting.json:U2_*
U3,,ULN2003ADR,SOIC-16_L9.9-W3.9-P1.27-LS6.0-BL,1,POPULATE,Source/BOM part and footprint agree; fit exactly the specified part after orientation and continuity inspection.,"Maintains the extracted Rev.1 topology; this is assembly intent, not physical qualification.","Substitutions require the same pad functions, dimensions, ratings and application behavior.",SCHEMATIC_VERIFIED; FABRICATION_VERIFIED (export); NEEDS_OWNER_INSPECTION,epro2!/WTK RLC Meter.epru:16147; BOM row 48; Gerber.zip!/FlyingProbeTesting.json:U3_*
U4,,MCP6002-E/SN,SOIC-8_L5.0-W4.0-P1.27-LS6.0-BL,1,POPULATE,Source/BOM part and footprint agree; fit exactly the specified part after orientation and continuity inspection.,"Maintains the extracted Rev.1 topology; this is assembly intent, not physical qualification.","Substitutions require the same pad functions, dimensions, ratings and application behavior.",SCHEMATIC_VERIFIED; FABRICATION_VERIFIED (export); NEEDS_OWNER_INSPECTION,epro2!/WTK RLC Meter.epru:25722; BOM row 49; Gerber.zip!/FlyingProbeTesting.json:U4_*
U5,,MCP6002-E/SN,SOIC-8_L5.0-W4.0-P1.27-LS6.0-BL,1,POPULATE,Source/BOM part and footprint agree; fit exactly the specified part after orientation and continuity inspection.,"Maintains the extracted Rev.1 topology; this is assembly intent, not physical qualification.","Substitutions require the same pad functions, dimensions, ratings and application behavior.",SCHEMATIC_VERIFIED; FABRICATION_VERIFIED (export); NEEDS_OWNER_INSPECTION,epro2!/WTK RLC Meter.epru:25734; BOM row 49; Gerber.zip!/FlyingProbeTesting.json:U5_*
UFLASH,,W25Q64JVSSIQ,SOP-8_L5.3-W5.3-P1.27-LS8.0-BL,1,POPULATE,Source/BOM part and footprint agree; fit exactly the specified part after orientation and continuity inspection.,"Maintains the extracted Rev.1 topology; this is assembly intent, not physical qualification.","Substitutions require the same pad functions, dimensions, ratings and application behavior.",SCHEMATIC_VERIFIED; FABRICATION_VERIFIED (export); NEEDS_OWNER_INSPECTION,epro2!/WTK RLC Meter.epru:25484; BOM row 50; Gerber.zip!/FlyingProbeTesting.json:UFLASH_*
USTM32,,LCKFB-DKX-STM32F103C8T6,CONN-TH_L53.3-W22.9_STM32F103C8T6-CARD,1,HOLD FOR REVIEW,A05-R05: CAD uses LCKFB-DKX-STM32F103C8T6; owner supplied MCU type only.,"Inspect both header rows, +5V/3V3/VBAT pads, HSE, regulator and USB wiring before fitting.",Generic Blue Pill is not automatically mechanically/electrically interchangeable.,SCHEMATIC_VERIFIED; FABRICATION_VERIFIED (export); NEEDS_OWNER_INSPECTION,epro2!/WTK RLC Meter.epru:14594; BOM row 51; Gerber.zip!/FlyingProbeTesting.json:USTM32_*
