id,severity,title,designators,nets,discrepancy,consequence,correction,change_type,verification_method,verification,evidence
A05-R01,RED,TFT connector identity unresolved,J_TFT,+3V3;GND;TFT_*,Historical docs specify 2x5; all actual source/BOM/fabrication evidence specifies 1x9 with a different order. Owner has only identified ILI9341 controller.,Wrong direct cable can apply power to signal pins.,Correct docs (done); verify exact module labels/voltage/pitch/order and use a checked adapter if needed. HOLD display connection.,Documentation/cable; PCB rework only if an adapter cannot resolve fit,DMM continuity each numbered carrier pad to net; compare actual module manufacturer pinout and mechanical dimensions,SCHEMATIC_VERIFIED;FABRICATION_VERIFIED (export);NEEDS_OWNER_INSPECTION,SCH PDF p5; BOM row15; FlyingProbe J_TFT_1..9; docs/05 corrected by A05
A05-R02,RED,Unbuffered TFT LED load,R_TFT_LED;J_TFT;USTM32,TFT_BL;$5N113,R_TFT_LED is 0 ohm between PB0/USTM32.33 and J_TFT.8; no power driver/current limit exists on carrier. Module LED load is unknown.,Raw backlight LED current could exceed GPIO drive; no module-dependent safety assumption permitted.,HOLD/open R_TFT_LED. Prove low-current logic enable input or design a rated driver with defined off state/current limit.,Population hold; external driver/cut-and-wire rework may be required; do not raise GPIO current,Inspect module circuit; measure separately current-limited LED input. Confirm PB0 logic load within operating specification (absolute maximum is not a design target),SCHEMATIC_VERIFIED;FABRICATION_VERIFIED (export);NEEDS_OWNER_INSPECTION;REQUIRES_BENCH_VALIDATION,epro2 R_TFT_LED pads1/2; BOM row46; J_TFT.8; ST STM32F103C8 datasheet GPIO characteristics
A05-R03,RED,UART cable instructions reversed,J_UART;USTM32,DEBUG_TX;DEBUG_RX,Actual J_UART.2=PA9/TX and .3=PA10/RX; prior docs had RX/TX reversed. Firmware is consistent with PCB.,Connecting output to output risks contention and failed communication.,"Correct docs (done); adapter RX to pin2, TX to pin3, GND to pin1; 3.3 V logic only, no power lead.",Documentation/cable; no PCB or firmware change,Unpowered continuity J_UART.2 to USTM32.6 and .3 to .7; verify TX idle voltage before connecting,SCHEMATIC_VERIFIED;FABRICATION_VERIFIED (export);NEEDS_OWNER_INSPECTION,SCH PDF p5; FlyingProbe J_UART_2/3; bsp_uart.c:59-60; docs/05 corrected by A05
A05-R04,RED,Buzzer BOM electrical type incompatible,BUZZER1;QBUZZ;RBBUZZ;RPBUZZ,+5V_SYS;IO_BUZZ;$5N119,Mallory PB-12N23MPW-12Q is a 9-15 V internally driven magnetic indicator; carrier feeds 5 V and firmware toggles a passive-transducer tone. No J_BUZZ exists.,Unreliable/absent sound; magnetic substitutions may also require flyback/drive review.,"HOLD BUZZER1; retain off for initial bring-up. Select a verified passive transducer and check drive, polarity and 7.6mm pitch before fitting.",BOM/population decision; possible driver rework for an inductive alternative; no firmware correction made,"Check actual part datasheet/label, impedance and compatible drive waveform; test separately with current limit",SCHEMATIC_VERIFIED;FABRICATION_VERIFIED (export);NEEDS_OWNER_INSPECTION,BOM row1; SCH PDF p5; bsp_timers.c:143; https://mspindy.com/wp-content/uploads/2020/12/LIT-Indicators-Electromagnetic.pdf p2
A05-R05,RED,MCU module interchangeability unproven,USTM32,+5V_SYS;+3V3;PA11;PA12;SWD,"Source specifies LCKFB-DKX-STM32F103C8T6 carrier module; STM32F103C8T6 names only the MCU, not the module wiring. PA13/14/PB2 are not carrier pads.",Wrong header/power mapping or USB pull-up may cause damage or constrain Flash CS; HSE/regulator assumptions can fail.,"HOLD module fitting until header continuity, dimensions, regulator, 8MHz HSE, SWD and USB-connected circuitry are checked. Do not connect module USB.",Owner inspection/module selection; adapter/rework if actual module differs,"Match 40-pad matrix including .18=+5V, .20/.38=3V3, .21=backup VBAT tied to3V3, .19/.39/.40=GND and inspect PA11/12 loads",SCHEMATIC_VERIFIED;FABRICATION_VERIFIED (export);NEEDS_OWNER_INSPECTION,BOM row51; USTM32 symbol/footprint; pin-net-matrix.csv; owner supplied MCU type only
A05-R06,RED,External supply/charging assembly unspecified,J_PWR;external modules;18650,VBAT_PROT;+5V_SYS;CHG_VBUS;GND,"No charger/protection/boost/battery models or schematics supplied. Carrier is not a charger and does not prove cell protection, load sharing or USB detection behavior.","Wrong voltage/polarity, missing cell protection, charger bypass or backfeed can invalidate SAFE/interlocks.","Before power-on identify modules/cell and verify protected cell node, regulated5V, independent charger VBUS detect, current limit/UVLO and common GND. First tests use bench supply without cell/charger.",External wiring/component decision; no assumed carrier fix,Inspect exact module documentation and wiring; unloaded/current-limited tests and power-state truth table before battery connection,NEEDS_OWNER_INSPECTION;REQUIRES_BENCH_VALIDATION,SCH PDF p1/p5 J_PWR; owner: default charger/boost and unspecified single18650
A05-Y01,YELLOW,Later fabrication has a small placement delta,RSCK,TFT_SCK;$5N96,Both RSCK pads shifted +5 mil Y (0.127mm) relative to epro2; all net endpoint groups remain identical.,The August19 source/PDF is not an exact geometric copy of August23 export.,Use August23 Gerber as fabrication geometry; verify actual board order/revision and RSCK solder land clearance.,Inspection; no demonstrated electrical rework,Compare RSCK pad centers in source and FlyingProbe/GTL; inspect actual solder mask,SCHEMATIC_VERIFIED;FABRICATION_VERIFIED (export);NEEDS_OWNER_INSPECTION,audit_rev1.py reviewed_position_deltas_mil; Gerber generated2026-08-23
A05-Y02,YELLOW,One-hot logical selection still needs transient proof,U2;U3;QG1..6;RGS1..6;QSEL*,RANGE_EN;RANGE_A*;GATE_*,"Logical polarity agrees; no measured decoder glitch, gate discharge or MOSFET settling evidence.",Overlap can parallel references and change current; gate/source power sequencing can turn paths on temporarily.,Verify REN pull-down and all VGS traces; no address change while enabled; retain existing dead-time/settle FSM.,Bench validation; no firmware change,"Observe RANGE_EN plus address, selected/off gate-source voltages on safe common-ground scope math; test reset/rail decay",SCHEMATIC_VERIFIED;REQUIRES_BENCH_VALIDATION,SCH PDF p3; hw_range.c; Nexperia74HC238 datasheet; TI ULN2003 datasheet
A05-Y03,YELLOW,MOSFET lot and effective drive not qualified,QSEL*;QG*,SRC_*;GATE_*;VEXC;RET,"BOM uses YONGYUTAI AO3400A and CBI2N7002; exact lot datasheets not established. VGS is relative to source, not5V.","RON/leakage/nonlinearity can differ from well-known manufacturer versions, especially low-VGS high ranges.","HOLD MOSFET assembly until exact G1/S2/D3/package verified; characterize actual VGS, RON and off leakage.",Part selection and bench gate,Bag/marking/datasheet reconciliation; curve or controlled resistance tests at observed drive,SCHEMATIC_VERIFIED;NEEDS_OWNER_INSPECTION;REQUIRES_BENCH_VALIDATION,BOM rows21/22; source G1/S2/D3/common sources; AOS data is reference only
A05-Y04,YELLOW,5-V analog outputs clamp into3V3 rail,U4;U5;RADC1..4;DCL1..4,+5V_A;+3V3;ADC_*,AFE runs5V; BAT54S clamps feed3V3 through1k input resistors. Partial power or saturation may inject into an unpowered/non-sinking MCU rail.,"Phantom power, ADC out-of-spec injection, rail rise and invalid residual permission.",Do not power AFE without verified3V3 rail. Check start/stop/saturation clamp currents and rail voltage; stop on injection/rail rise.,Bench validation; hardware changes only if evidence requires,Probe both rails and ADC pins during ramp/reset/load; measure current within ST injection limits,SCHEMATIC_VERIFIED;REQUIRES_BENCH_VALIDATION,SCH PDF p2; BAT54S datasheet; ST STM32F103C8 ADC/injection limits
A05-Y05,YELLOW,Debugger/UART may backfeed or alter ground,J_UART;USTM32;external adapters,DEBUG_RX;SWDIO;SWCLK;GND;+3V3,Adapter outputs can inject when target is off; shared PC ground does not assert external CHG_VBUS by itself.,Board may be partly powered while software/charger state appears absent.,"Use GND/common3V3 logic, no adapter5V/3V3 power lead; target-powered VTref sense only; disconnect driven debug signals for power-off tests.",Cable/power-state procedure,Measure target rails with target power off and each adapter attached; record whether any rail rises,NEEDS_OWNER_INSPECTION;REQUIRES_BENCH_VALIDATION,J_UART actual pad map; ST GPIO injection limits; docs03 charger interlock
A05-Y06,YELLOW,Relay state/coil release is commanded rather than sensed,K1;QK1;DK1;QUSB_INH,K1_BASE;K1_COIL_LOW;TEST_*;SAFE_*,Extracted de-energized contacts are SAFE but physical contact position/bounce is not measured; diode changes release dynamics.,A welded/reversed/misfitted relay can connect DUT to AFE despite software SAFE.,Check loose relay pin map and unpowered NC continuity first; then operation/release and hardware USB inhibit with no DUT.,Owner inspection and bench,Ohmmeter K1.13-.11 and .4-.6 closed at zero coil; .13-.9/.4-.8 open. Observe contact transition/coil at rated5V only after permits verified,SCHEMATIC_VERIFIED;NEEDS_OWNER_INSPECTION;REQUIRES_BENCH_VALIDATION,SCH PDF p4; https://source.hongfa.com/Uploads/Product/PDF/HFD27_en.pdf p3
A05-Y07,YELLOW,RET high-gain channel headroom and phase,U5;RF_HG;RG_HG,RET;VMID;RET_HG,Nominal gain15.468 with1MHz op-amp; large500mVrms returns cannot stay within3.3V ADC range on HG.,HG clipping and phase response restrict useful path/domain; nominal gain is not an exact calibration scale.,Qualify1X/HG overlap/headroom separately; reject clipped path and retain effective HG OSL handling.,Metrology bench,Capture raw1X/HG waveforms and phasors per key; observe ADCrail approach and loaded phase,SCHEMATIC_VERIFIED;REQUIRES_BENCH_VALIDATION,SCH PDF p2; MCP6002 primary product data; existing A06 solver/capture clipping flags
A05-Y08,YELLOW,PWM/filter loading and drive limits,RF1..3;CF1..3;U4;RREF1,PWM_EXC;FILT1..3;VEXC,RC stages load one another; source amplitude/ripple/short-current is not measured.10ohm500mVrms remains forbidden.,Source current/headroom/distortion and filter phase can invalidate calibration acquisitions.,Characterize100Hz/1kHz/10kHz at allowed amplitude and largest safe RREF first; do not enable forbidden condition.,Bench validation,"Scope GND-referenced source and VMID; safe CH1-CH2; record ripple, distortion and source difference under passive load",SCHEMATIC_VERIFIED;REQUIRES_BENCH_VALIDATION,"SCH PDF pp2/3; plans12; nominal ladder H=1/(1+6s+5s^2+s^3), s=jwRC"
A05-Y09,YELLOW,High-Z loading and residual network limits,RREF6;QSEL9*;U5;RHV*;RBLEED*,RET;SAFE_*;SENSE_*;VMID,Leakage/capacitance and scope/probe loading affect1M range; SAFE bleeder94k is an external discharge load.,33 records do not demonstrate33 usable conditions; SAFE decay is not intrinsic DUT leakage.,Keep de-energized passive AC scope; clean board and characterize OPEN/repeatability without scope probe on high-Z path during OSL.,Metrology bench,Repeated fixture OPEN/SHORT/LOAD and independent holdouts; log humidity/probe/cable/contact changes,SCHEMATIC_VERIFIED;REQUIRES_BENCH_VALIDATION,SCH PDF pp3/4; plans12; metrology-readiness.md
A05-Y10,YELLOW,Ground return and assembly access require inspection,U4;U5;RA;COUT1;USTM32;J_TFT,GND;+5V_A;VMID,CU1 100nF is about12.3mm from U4 pin8 and11.2mm from U5 pin8; CU2 about11.7/15.8mm respectively (source center distances). Digital/analog return loops and actual clearances remain unmeasured.,SPI/PWM/relay currents can couple to ADC reference; module/socket hides rework access.,Inspect supply/GND pour necks and bypass loop; scope ringing/noise. Consider documented local100nF-to-GND rework if needed. Assemble low parts before module sockets.,Physical inspection and bench,Magnified board inspection and photographs; rail ripple with peripheral activity after safe baseline,FABRICATION_VERIFIED (export);NEEDS_OWNER_INSPECTION;REQUIRES_BENCH_VALIDATION,PCB PDF pp1/2/9; Gerber GBL18 region records; source placements
A05-Y11,YELLOW,Battery/NTC scale and brownout assumptions,RBAT1/2;RNTC;NTC1;USTM32,ADC_BAT;ADC_NTC;VBAT_PROT,100k dividers have high impedance and RC settling; NTC model/3V3/ADC nominal scales and POR classification do not prove physical UVLO.,Wrong cell estimate/temperature or partial supply state can cause false readiness.,"Verify raw settled ADC vs DMM, exact NTC100k/B3950 and module supply/reset behavior; cell protection must come from identified power module.",Bench validation,"Observe ADC_BAT=VBAT/2, ADC_NTC near3V3/2 at25C nominal; controlled rail ramp with no cell/DUT",SCHEMATIC_VERIFIED;REQUIRES_BENCH_VALIDATION,SCH PDF p1; bsp_adc.c; bsp_reset.c; bsp_watchdog.c; hw_aux_sensors calibration
A05-G01,GREEN,Complete source/BOM reconciliation,149 references,115 connected source nets,No duplicate or missing BOM reference; all149 values/part numbers/footprint titles agree with live source.,Assembly intent is internally consistent; actual bags still unverified.,Retain matrix and run extraction on changes.,None,Automated exact set/quantity/value/part/footprint comparison,SCHEMATIC_VERIFIED,audit_rev1.py;51 grouped BOM rows;149 live PCB components
A05-G02,GREEN,Fabrication endpoint groups agree,434 pads,115 nets;8 aliases,All434 actual pads preserve source net partitions after8 named-net aliases;12 unconnected pads are separate isolated groups.,No export-level missing/merged/split component net found. Not a routed-copper or as-built short test.,Retain physical continuity gate.,None,Partition bijection plus all434 top copper pad flashes; coordinates/drills with explicitRSCK exception,SCHEMATIC_VERIFIED;FABRICATION_VERIFIED (export),epro2;Gerber.zip FlyingProbe/GTL; audit_rev1.py
A05-G03,GREEN,MCU mapping and SWD policy,USTM32,PA0..15;PB0..15;PC13,30 of33 requested MCU pins exist on carrier and match firmware assignments; PA13/14/PB2 are module-only.,No carrier GPIO reassignment needed; actual module SWD still unverified.,Inspect module-only pins before deployment.,None,Symbol-to-physical-pad extraction plus12 output/4 input/peripheral firmware checks,SCHEMATIC_VERIFIED;FABRICATION_VERIFIED (export),pin-net-matrix.csv; bsp_gpio/adc/metrology_adc/uart/spi/excitation/timers.c
A05-G04,GREEN,K2 fixed-bank stuffing is coherent,K2;R0_BANK,LOWZ_BUS;RET,K2 NO path and R0_BANK bridge same two nets; firmware declares K2 absent and fixed link.,K2DNP/R0POPULATE is consistent; relay alone would disable low ranges with current firmware.,DNP K2 and unused driver chain; populate R0_BANK.,Population decision,Source pads and hw_k2.c topology; actual continuity before power,SCHEMATIC_VERIFIED;FABRICATION_VERIFIED (export),SCH PDF p3; hw_k2.c:6-9; assembly-population.csv
A05-G05,GREEN,Output links and optional branch identified,R_BYP_VM;R_BYP_VEXC;D_TVS;R_TVS_LINK,VMID;VEXC;TEST_HI;TEST_LO,U4 links are closed-loop output paths; TVS/link forms a separate optional terminal branch. No active guard footprint/net identified in live design.,"Populate both U4 links; DNP TVS pair. Guard is absent, not a removable buffer.",Retain specified mutually exclusive population decisions.,Population decision,Trace exact pad endpoint nets against PDF pp2/4,SCHEMATIC_VERIFIED;FABRICATION_VERIFIED (export),pin-net-matrix.csv; epro2; BOM rows23/46/12
A05-G06,GREEN,Core package/polarity mapping agrees,BC807;BC817;BAT54S;U2;U3;U4;U5;K1,G1/S2/D3;B1/E2/C3;ADC;SAFE_*,CAD pad functions match reviewed primary family/part pinouts and contact diagram. MOSFET vendor guarantees remain separateY03.,No proven E/B/C inversion or K1 NC/NO swap in extracted design.,Check purchased markings and pin1 from top; relay datasheet diagram is bottom view.,None,Primary datasheet pinout vs symbol/library physical pad assignment,SCHEMATIC_VERIFIED;FABRICATION_VERIFIED (export);NEEDS_OWNER_INSPECTION,Diodes BC807/817/BAT54S PDFs; Nexperia238;TIULN2003;MicrochipMCP6002;HongfaHFD27
A05-G07,GREEN,Calibration transport/storage topology exists,J_UART;UFLASH;USTM32;K1,USART1;SPI2;SWD,"PCB exports contain required3.3V UART, W25Q SPI and safe session-controlled acquisition wiring. PR12 handlers exist in source.",A06 topology is plausible; firmware simulation/build evidence is not hardware qualification.,Proceed only through staged bench gates and exact package/module checks.,None,Net tracing plus capture/install shell source inspection,SCHEMATIC_VERIFIED;FABRICATION_VERIFIED (export),app_cal_capture_shell.c;app_cal_install_service.c;PC_CAL_CAPTURE.md;PC_OSL_INSTALL.md
A05-U01,UNKNOWN,As-manufactured revision and connectivity,bare PCB,all,Owner has not confirmed fabrication ZIP/order or provided physical continuity/photographs.,"Export agreement cannot exclude wrong fabrication revision, plating or shorts.","Record order ZIP/hash/revision, photos and unpowered continuity worksheet.",Owner inspection,Compare actual board markings/outline/headers/pads and criticalnet continuity,NEEDS_OWNER_INSPECTION,Gerber_RLC-1_2026-08-23.zip; user confirmation not supplied
A05-U02,UNKNOWN,Complete power/current budget unavailable,external modules;TFT;USTM32;18650,power rails,Exact module regulators/display load and cell remain unspecified.,No defensible whole-board runtime/current-limit maximum or charging thermal approval.,Measure staged quiescent/active loads after modules identified; do not invent current budget.,Owner inspection and bench,Record each rail current and load state plus converter/regulator/cell ratings,NEEDS_OWNER_INSPECTION;REQUIRES_BENCH_VALIDATION,README power budget table; owner response; external modules absent fromBOM
A05-U03,UNKNOWN,Full routed-copper clearance/DRC not executed,all manufactured copper,all,"Extractor resolves connectivity and pad flashes, not arbitraryGerber regions/tracks, solder-mask slivers, creepage or post-export autoroute DRC.",Shorts/clearance issues cannot be excluded by a flying-probe export alone.,Run native EasyEDA DRC on matching fabrication revision when available; inspect bareboard/test continuity before assembly.,Owner/native CAD inspection; fabrication rework only if a defect is demonstrated,NativeDRC report plus magnified copper/mask and unpowered electrical checks,NEEDS_OWNER_INSPECTION,Tool documented scope; PCB renders inspected; Gerber layers/drills inspected
