mcu_pin,module_pads,firmware_assignment,pcb_net,connected_pads,signal_path,direction,active_polarity,required_boot_state,safe_fault_state,verification,evidence
PA0,25,ADC channel 0; bsp_metrology_adc.c:129-132,ADC_VEXC,CADC1.2;DCL1.3;RADC1.1;USTM32.25,,input,analog,Analog input; no drive,Analog input; inhibit capture on fault,SCHEMATIC_VERIFIED; FABRICATION_VERIFIED (export); REQUIRES_BENCH_VALIDATION,SCH PDF p5; epro2!/WTK RLC Meter.epru:14619; Gerber.zip!/FlyingProbeTesting.json:USTM32_*
PA1,26,ADC channel 1; bsp_metrology_adc.c:129-132,ADC_VMID,CADC2.2;DCL2.3;RADC2.1;USTM32.26,,input,analog,Analog input; no drive,Analog input; inhibit capture on fault,SCHEMATIC_VERIFIED; FABRICATION_VERIFIED (export); REQUIRES_BENCH_VALIDATION,SCH PDF p5; epro2!/WTK RLC Meter.epru:14620; Gerber.zip!/FlyingProbeTesting.json:USTM32_*
PA2,27,ADC channel 2; bsp_metrology_adc.c:129-132,ADC_RET_1X,CADC3.1;DCL3.3;RADC3.2;USTM32.27,,input,analog,Analog input; no drive,Analog input; inhibit capture on fault,SCHEMATIC_VERIFIED; FABRICATION_VERIFIED (export); REQUIRES_BENCH_VALIDATION,SCH PDF p5; epro2!/WTK RLC Meter.epru:14621; Gerber.zip!/FlyingProbeTesting.json:USTM32_*
PA3,28,ADC channel 3; bsp_metrology_adc.c:129-132,ADC_RET_HG,CADC4.1;DCL4.3;RADC4.2;USTM32.28,,input,analog,Analog input; no drive,Analog input; inhibit capture on fault,SCHEMATIC_VERIFIED; FABRICATION_VERIFIED (export); REQUIRES_BENCH_VALIDATION,SCH PDF p5; epro2!/WTK RLC Meter.epru:14622; Gerber.zip!/FlyingProbeTesting.json:USTM32_*
PA4,29,ADC channel 4; bsp_adc.c:85-89,ADC_OV_HI,DCLAMP5.3;ROV_HI.2;USTM32.29,,input,analog,Analog input; no drive,Analog input; inhibit capture on fault,SCHEMATIC_VERIFIED; FABRICATION_VERIFIED (export); REQUIRES_BENCH_VALIDATION,SCH PDF p5; epro2!/WTK RLC Meter.epru:14623; Gerber.zip!/FlyingProbeTesting.json:USTM32_*
PA5,30,ADC channel 5; bsp_adc.c:85-89,ADC_OV_LO,DCLAMP6.3;ROV_LO.2;USTM32.30,,input,analog,Analog input; no drive,Analog input; inhibit capture on fault,SCHEMATIC_VERIFIED; FABRICATION_VERIFIED (export); REQUIRES_BENCH_VALIDATION,SCH PDF p5; epro2!/WTK RLC Meter.epru:14624; Gerber.zip!/FlyingProbeTesting.json:USTM32_*
PA6,31,ADC channel 6; bsp_adc.c:85-89,ADC_BAT,CBAT.1;RBAT1.2;RBAT2.1;USTM32.31,,input,analog,Analog input; no drive,Analog input; inhibit capture on fault,SCHEMATIC_VERIFIED; FABRICATION_VERIFIED (export); REQUIRES_BENCH_VALIDATION,SCH PDF p5; epro2!/WTK RLC Meter.epru:14625; Gerber.zip!/FlyingProbeTesting.json:USTM32_*
PA7,32,ADC channel 7; bsp_adc.c:85-89,ADC_NTC,CNTC.2;NTC1.2;RNTC.1;USTM32.32,,input,analog,Analog input; no drive,Analog input; inhibit capture on fault,SCHEMATIC_VERIFIED; FABRICATION_VERIFIED (export); REQUIRES_BENCH_VALIDATION,SCH PDF p5; epro2!/WTK RLC Meter.epru:14626; Gerber.zip!/FlyingProbeTesting.json:USTM32_*
PA8,5,TIM1_CH1; bsp_excitation.c:101,PWM_EXC,RF1.1;USTM32.5,,output,PWM high increases source average,LOW before TIM1 starts,Excitation stopped; LOW,SCHEMATIC_VERIFIED; FABRICATION_VERIFIED (export); REQUIRES_BENCH_VALIDATION,SCH PDF p5; epro2!/WTK RLC Meter.epru:14599; Gerber.zip!/FlyingProbeTesting.json:USTM32_*
PA9,6,USART1_TX; bsp_uart.c:59,DEBUG_TX,J_UART.2;USTM32.6,,output,3.3-V UART; idle HIGH,Idle HIGH after USART1 init,Idle serial; no hardware control,SCHEMATIC_VERIFIED; FABRICATION_VERIFIED (export); REQUIRES_BENCH_VALIDATION,SCH PDF p5; epro2!/WTK RLC Meter.epru:14600; Gerber.zip!/FlyingProbeTesting.json:USTM32_*
PA10,7,USART1_RX; bsp_uart.c:60,DEBUG_RX,J_UART.3;USTM32.7,,input,3.3-V UART; idle HIGH,Floating input; adapter idle HIGH,No forced power through RX,SCHEMATIC_VERIFIED; FABRICATION_VERIFIED (export); REQUIRES_BENCH_VALIDATION,SCH PDF p5; epro2!/WTK RLC Meter.epru:14601; Gerber.zip!/FlyingProbeTesting.json:USTM32_*
PA11,8,"GPIO; bsp_gpio.c:59,138; hw_k2.c:6-9",K2_CMD,RK2B.2;USTM32.8,,output,HIGH would energize K2 if populated,LOW; RK2PD optional with DNP driver,LOW; K2 DNP,SCHEMATIC_VERIFIED; FABRICATION_VERIFIED (export); REQUIRES_BENCH_VALIDATION,SCH PDF p5; epro2!/WTK RLC Meter.epru:14602; Gerber.zip!/FlyingProbeTesting.json:USTM32_*
PA12,9,"GPIO; bsp_gpio.c:60,110",FLASH_CS,RFLASH_CS.2;UFLASH.1;USTM32.9,,output,active LOW,HIGH; RFLASH_CS pulls to +3V3,HIGH when SPI inactive,SCHEMATIC_VERIFIED; FABRICATION_VERIFIED (export); REQUIRES_BENCH_VALIDATION,SCH PDF p5; epro2!/WTK RLC Meter.epru:14603; Gerber.zip!/FlyingProbeTesting.json:USTM32_*
PA13,,SWD reserved; bsp_gpio.c:54,,,Module-only SWD pads; not present in the 40-pad carrier footprint,bidirectional,SWDIO,Module-specific; inspect before attachment,No debug-adapter power injection,UNKNOWN; NEEDS_OWNER_INSPECTION (module only),SCH PDF p5; USTM32 library has no such carrier pad; ST STM32F103C8 datasheet; inspect actual module
PA14,,SWD reserved; bsp_gpio.c:54,,,Module-only SWD pads; not present in the 40-pad carrier footprint,input,SWCLK,Module-specific; inspect before attachment,No debug-adapter power injection,UNKNOWN; NEEDS_OWNER_INSPECTION (module only),SCH PDF p5; USTM32 library has no such carrier pad; ST STM32F103C8 datasheet; inspect actual module
PA15,10,"GPIO input; bsp_gpio.c:91,192; JTAG disabled:54",CHG_DETIO,RCHG_H.2;RCHG_L.1;USTM32.10,,input,HIGH blocks measurement; 5 V at J_PWR.4 gives nominal 2.727 V,Input; RCHG_L pulls to GND without VBUS,Charger asserted must inhibit K1/capture,SCHEMATIC_VERIFIED; FABRICATION_VERIFIED (export); REQUIRES_BENCH_VALIDATION,SCH PDF p5; epro2!/WTK RLC Meter.epru:14604; Gerber.zip!/FlyingProbeTesting.json:USTM32_*
PB0,33,"TIM3_CH3; bsp_timers.c:55,65; bsp_gpio.c:61",TFT_BL,R_TFT_LED.1;USTM32.33,USTM32.33 -> R_TFT_LED.1; R_TFT_LED.2 -> J_TFT.8 (link HOLD),output,HIGH backlight request; electrical LED load UNKNOWN,LOW; R_TFT_LED HOLD/open,LOW; no raw LED load until resolved,SCHEMATIC_VERIFIED; FABRICATION_VERIFIED (export); REQUIRES_BENCH_VALIDATION,SCH PDF p5; epro2!/WTK RLC Meter.epru:14627; Gerber.zip!/FlyingProbeTesting.json:USTM32_*
PB1,34,TIM4 ISR software toggle; bsp_timers.c:143; bsp_gpio.c:62,IO_BUZZ,RBBUZZ.1;USTM32.34,,output,HIGH turns QBUZZ on,LOW; BUZZER1 HOLD,LOW; no audible alarm qualification,SCHEMATIC_VERIFIED; FABRICATION_VERIFIED (export); REQUIRES_BENCH_VALIDATION,SCH PDF p5; epro2!/WTK RLC Meter.epru:14628; Gerber.zip!/FlyingProbeTesting.json:USTM32_*
PB2,,Module BOOT1; no carrier GPIO assignment,,,,input,not applicable,Module-specific; inspect before attachment,No live external signals; preserve SAFE,UNKNOWN; NEEDS_OWNER_INSPECTION (module only),SCH PDF p5; USTM32 library has no such carrier pad; ST STM32F103C8 datasheet; inspect actual module
PB3,11,"GPIO input; bsp_gpio.c:71,183; JTAG disabled:54",SW_UP,J_BTN.2;USTM32.11,,input,active LOW closure to GND,Internal pull-up after init,No relay authority,SCHEMATIC_VERIFIED; FABRICATION_VERIFIED (export); REQUIRES_BENCH_VALIDATION,SCH PDF p5; epro2!/WTK RLC Meter.epru:14605; Gerber.zip!/FlyingProbeTesting.json:USTM32_*
PB4,12,"GPIO input; bsp_gpio.c:72,189; JTAG disabled:54",SW_DOWN,J_BTN.4;USTM32.12,,input,active LOW closure to GND,Internal pull-up after init,No relay authority,SCHEMATIC_VERIFIED; FABRICATION_VERIFIED (export); REQUIRES_BENCH_VALIDATION,SCH PDF p5; epro2!/WTK RLC Meter.epru:14606; Gerber.zip!/FlyingProbeTesting.json:USTM32_*
PB5,13,"GPIO; bsp_gpio.c:63,142; hw_range.c",RANGE_A0,U2.1;USTM32.13,,output,address bit 0,LOW with RANGE_EN LOW,Change only with RANGE_EN LOW,SCHEMATIC_VERIFIED; FABRICATION_VERIFIED (export); REQUIRES_BENCH_VALIDATION,SCH PDF p5; epro2!/WTK RLC Meter.epru:14607; Gerber.zip!/FlyingProbeTesting.json:USTM32_*
PB6,14,"GPIO; bsp_gpio.c:64,146; hw_range.c",RANGE_A1,U2.2;USTM32.14,,output,address bit 1,LOW with RANGE_EN LOW,Change only with RANGE_EN LOW,SCHEMATIC_VERIFIED; FABRICATION_VERIFIED (export); REQUIRES_BENCH_VALIDATION,SCH PDF p5; epro2!/WTK RLC Meter.epru:14608; Gerber.zip!/FlyingProbeTesting.json:USTM32_*
PB7,15,"GPIO; bsp_gpio.c:65,150; hw_range.c",RANGE_A2,U2.3;USTM32.15,,output,address bit 2,LOW with RANGE_EN LOW,Change only with RANGE_EN LOW,SCHEMATIC_VERIFIED; FABRICATION_VERIFIED (export); REQUIRES_BENCH_VALIDATION,SCH PDF p5; epro2!/WTK RLC Meter.epru:14609; Gerber.zip!/FlyingProbeTesting.json:USTM32_*
PB8,16,"GPIO; bsp_gpio.c:66,154; hw_range.c",RANGE_EN,REN.2;U2.6;USTM32.16,,output,active HIGH at U2.6; other enables LOW,LOW; REN 10k to GND,LOW disables every range,SCHEMATIC_VERIFIED; FABRICATION_VERIFIED (export); REQUIRES_BENCH_VALIDATION,SCH PDF p5; epro2!/WTK RLC Meter.epru:14610; Gerber.zip!/FlyingProbeTesting.json:USTM32_*
PB9,17,"GPIO; bsp_gpio.c:67,134; hw_k1.c",K1_CMD,RK1B.2;USTM32.17,,output,HIGH energizes K1; LOW is SAFE,LOW; RK1PD pulls base down,LOW; de-energized contacts to SAFE,SCHEMATIC_VERIFIED; FABRICATION_VERIFIED (export); REQUIRES_BENCH_VALIDATION,SCH PDF p5; epro2!/WTK RLC Meter.epru:14611; Gerber.zip!/FlyingProbeTesting.json:USTM32_*
PB10,35,"GPIO; bsp_gpio.c:68,122",TFT_RST,J_TFT.4;USTM32.35,,output,active LOW reset,LOW until display init,Deterministic; no relay authority,SCHEMATIC_VERIFIED; FABRICATION_VERIFIED (export); REQUIRES_BENCH_VALIDATION,SCH PDF p5; epro2!/WTK RLC Meter.epru:14629; Gerber.zip!/FlyingProbeTesting.json:USTM32_*
PB11,36,"GPIO; bsp_gpio.c:69,118",TFT_DC,J_TFT.5;USTM32.36,,output,LOW command / HIGH data,LOW,Deterministic; no relay authority,SCHEMATIC_VERIFIED; FABRICATION_VERIFIED (export); REQUIRES_BENCH_VALIDATION,SCH PDF p5; epro2!/WTK RLC Meter.epru:14630; Gerber.zip!/FlyingProbeTesting.json:USTM32_*
PB12,1,"GPIO; bsp_gpio.c:70,114",TFT_CS,J_TFT.3;RTFT_CS.2;USTM32.1,,output,active LOW,HIGH; RTFT_CS pulls to +3V3,HIGH when SPI inactive,SCHEMATIC_VERIFIED; FABRICATION_VERIFIED (export); REQUIRES_BENCH_VALIDATION,SCH PDF p5; epro2!/WTK RLC Meter.epru:14595; Gerber.zip!/FlyingProbeTesting.json:USTM32_*
PB13,2,SPI2_SCK via RSCK 33 ohm; bsp_spi.c:74,$5N96,RSCK.2;USTM32.2,USTM32.2 -> RSCK.2; RSCK.1 -> TFT_SCK -> UFLASH.6 and J_TFT.7,output,clock; inactive per SPI config,Peripheral inactive,No SPI during critical acquisition,SCHEMATIC_VERIFIED; FABRICATION_VERIFIED (export); REQUIRES_BENCH_VALIDATION,SCH PDF p5; epro2!/WTK RLC Meter.epru:14596; Gerber.zip!/FlyingProbeTesting.json:USTM32_*
PB14,3,SPI2_MISO; bsp_spi.c:75,TFT_MISO,J_TFT.9;UFLASH.2;USTM32.3,,input,shared display/Flash data,Input; chip selects HIGH,No competing selected slaves,SCHEMATIC_VERIFIED; FABRICATION_VERIFIED (export); REQUIRES_BENCH_VALIDATION,SCH PDF p5; epro2!/WTK RLC Meter.epru:14597; Gerber.zip!/FlyingProbeTesting.json:USTM32_*
PB15,4,SPI2_MOSI via RMOSI 33 ohm; bsp_spi.c:76,$5N97,RMOSI.2;USTM32.4,USTM32.4 -> RMOSI.2; RMOSI.1 -> TFT_MOSI -> UFLASH.5 and J_TFT.6,output,serial data,Peripheral inactive,No SPI during critical acquisition,SCHEMATIC_VERIFIED; FABRICATION_VERIFIED (export); REQUIRES_BENCH_VALIDATION,SCH PDF p5; epro2!/WTK RLC Meter.epru:14598; Gerber.zip!/FlyingProbeTesting.json:USTM32_*
PC13,22,"GPIO input; bsp_gpio.c:73,186",SW_OK,J_BTN.3;USTM32.22,,input,active LOW closure to GND,Internal pull-up after init,No relay authority,SCHEMATIC_VERIFIED; FABRICATION_VERIFIED (export); REQUIRES_BENCH_VALIDATION,SCH PDF p5; epro2!/WTK RLC Meter.epru:14616; Gerber.zip!/FlyingProbeTesting.json:USTM32_*
PC14,23,Not driven by application,,USTM32.23,,unused,not applicable,No carrier connection,No live external signals; preserve SAFE,SCHEMATIC_VERIFIED; FABRICATION_VERIFIED (export); NEEDS_OWNER_INSPECTION,SCH PDF p5; epro2!/WTK RLC Meter.epru:14617; Gerber.zip!/FlyingProbeTesting.json:USTM32_*
PC15,24,Not driven by application,,USTM32.24,,unused,not applicable,No carrier connection,No live external signals; preserve SAFE,SCHEMATIC_VERIFIED; FABRICATION_VERIFIED (export); NEEDS_OWNER_INSPECTION,SCH PDF p5; epro2!/WTK RLC Meter.epru:14618; Gerber.zip!/FlyingProbeTesting.json:USTM32_*
RESET,37,Not driven by application,,USTM32.37,,input,active LOW,No carrier connection,No live external signals; preserve SAFE,SCHEMATIC_VERIFIED; FABRICATION_VERIFIED (export); NEEDS_OWNER_INSPECTION,SCH PDF p5; epro2!/WTK RLC Meter.epru:14631; Gerber.zip!/FlyingProbeTesting.json:USTM32_*
+5V,18,Not driven by application,+5V_SYS,BUZZER1.1;CIN1.1;CIN2.1;DK1.1;DK2.1;J_PWR.2;K1.16;K2.16;RA.1;RPBUZZ.1;USTM32.18,,power,not applicable,Stable supply/common ground required,No live external signals; preserve SAFE,SCHEMATIC_VERIFIED; FABRICATION_VERIFIED (export); NEEDS_OWNER_INSPECTION,SCH PDF p5; epro2!/WTK RLC Meter.epru:14612; Gerber.zip!/FlyingProbeTesting.json:USTM32_*
+3.3V,20;38,Not driven by application,+3V3,C1.1;C2.2;CU3.2;DCL1.2;DCL2.2;DCL3.2;DCL4.2;DCLAMP5.2;DCLAMP6.2;J_TFT.1;RFLASH_CS.1;RFLASH_HOLD.2;RFLASH_WP.1;RNTC.2;RTFT_CS.1;RVMID1.2;U2.16;UFLASH.8;USTM32.20;USTM32.21;USTM32.38,,power,not applicable,Stable supply/common ground required,No live external signals; preserve SAFE,SCHEMATIC_VERIFIED; FABRICATION_VERIFIED (export); NEEDS_OWNER_INSPECTION,"SCH PDF p5; epro2!/WTK RLC Meter.epru:14614,14632; Gerber.zip!/FlyingProbeTesting.json:USTM32_*"
VBAT,21,Not driven by application,+3V3,C1.1;C2.2;CU3.2;DCL1.2;DCL2.2;DCL3.2;DCL4.2;DCLAMP5.2;DCLAMP6.2;J_TFT.1;RFLASH_CS.1;RFLASH_HOLD.2;RFLASH_WP.1;RNTC.2;RTFT_CS.1;RVMID1.2;U2.16;UFLASH.8;USTM32.20;USTM32.21;USTM32.38,VBAT backup pin tied to +3V3; NOT the 18650 input,power,not applicable,Stable supply/common ground required,No live external signals; preserve SAFE,SCHEMATIC_VERIFIED; FABRICATION_VERIFIED (export); NEEDS_OWNER_INSPECTION,SCH PDF p5; epro2!/WTK RLC Meter.epru:14615; Gerber.zip!/FlyingProbeTesting.json:USTM32_*
GND,19;39;40,Not driven by application,GND,C1.2;C2.1;CADC1.1;CADC2.1;CADC3.2;CADC4.2;CBAT.2;CF1.1;CF2.1;CF3.1;CIN1.2;CIN2.2;CNTC.1;COUT1.2;COUT2.2;COUT3.2;COUT4.2;CU1.1;CU2.1;CU3.1;CVMID1.2;CVMID2.2;DCL1.1;DCL2.1;DCL3.1;DCL4.1;DCLAMP5.1;DCLAMP6.1;J_BTN.1;J_PWR.3;J_TFT.2;J_UART.1;NTC1.1;QBUZZ.2;QK1.2;QK2.2;QUSB_INH.2;RBAT2.2;RCHG_L.2;REN.1;RK1PD.1;RK2PD.1;RUSB_PD.1;RVMID2.2;U2.4;U2.5;U2.8;U3.8;U4.4;U5.4;UFLASH.4;USTM32.19;USTM32.39;USTM32.40,,power,not applicable,Stable supply/common ground required,No live external signals; preserve SAFE,SCHEMATIC_VERIFIED; FABRICATION_VERIFIED (export); NEEDS_OWNER_INSPECTION,"SCH PDF p5; epro2!/WTK RLC Meter.epru:14613,14633,14634; Gerber.zip!/FlyingProbeTesting.json:USTM32_*"
circuit:+5V_A,,Indirect ADC/control path; no direct MCU power drive,+5V_A,COUT1.1;COUT2.1;COUT3.1;COUT4.1;CU1.2;CU2.2;QG1.2;QG2.2;QG3.2;QG4.2;QG5.2;QG6.2;RA.2;RBUP1.1;RBUP2.1;RBUP3.1;RBUP4.1;RBUP5.1;RBUP6.1;U4.8;U5.8,See README circuit reconstruction and SCH PDF pp1-4,analog/power,not a GPIO,K1 SAFE; range and excitation disabled,Terminal-to-AFE isolation through K1; supply limits preserved,SCHEMATIC_VERIFIED; FABRICATION_VERIFIED (export); REQUIRES_BENCH_VALIDATION,"epro2!/WTK RLC Meter.epru:15165,15172,15178,15184,15189,24864,24870,24913,24920,24927,24934,24941,24955,25170,25188,25212,25218,25224,25230,25727,25739; Gerber.zip!/FlyingProbeTesting.json:net=+5V_A"
circuit:VMID,,Indirect ADC/control path; no direct MCU power drive,VMID,COV_HI.1;COV_LO.1;K1.8;RADC2.2;RG_HG.2;RHVLOW_HI.1;RHVLOW_LO.1;R_BYP_VM.2;U4.2,See README circuit reconstruction and SCH PDF pp1-4,analog/power,not a GPIO,K1 SAFE; range and excitation disabled,Terminal-to-AFE isolation through K1; supply limits preserved,SCHEMATIC_VERIFIED; FABRICATION_VERIFIED (export); REQUIRES_BENCH_VALIDATION,"epro2!/WTK RLC Meter.epru:16563,25266,25271,25283,25565,25571,25577,25583,25724; Gerber.zip!/FlyingProbeTesting.json:net=VMID"
circuit:VEXC,,Indirect ADC/control path; no direct MCU power drive,VEXC,RADC1.2;RREF1.1;RREF2.1;RREF3.1;RREF4.1;RREF5.1;RREF6.1;R_BYP_VEXC.2;U4.6,See README circuit reconstruction and SCH PDF pp1-4,analog/power,not a GPIO,K1 SAFE; range and excitation disabled,Terminal-to-AFE isolation through K1; supply limits preserved,SCHEMATIC_VERIFIED; FABRICATION_VERIFIED (export); REQUIRES_BENCH_VALIDATION,"epro2!/WTK RLC Meter.epru:25099,25105,25111,25117,25123,25129,25463,25469,25729; Gerber.zip!/FlyingProbeTesting.json:net=VEXC"
circuit:RET,,Indirect ADC/control path; no direct MCU power drive,RET,K1.9;K2.9;QSEL7B.3;QSEL8B.3;QSEL9B.3;R0_BANK.2;U5.3;U5.5,See README circuit reconstruction and SCH PDF pp1-4,analog/power,not a GPIO,K1 SAFE; range and excitation disabled,Terminal-to-AFE isolation through K1; supply limits preserved,SCHEMATIC_VERIFIED; FABRICATION_VERIFIED (export); REQUIRES_BENCH_VALIDATION,"epro2!/WTK RLC Meter.epru:16556,24876,25141,25737,25742,26406,26420,26434; Gerber.zip!/FlyingProbeTesting.json:net=RET"
circuit:RET_1X,,Indirect ADC/control path; no direct MCU power drive,RET_1X,RADC3.1;U5.1;U5.2,See README circuit reconstruction and SCH PDF pp1-4,analog/power,not a GPIO,K1 SAFE; range and excitation disabled,Terminal-to-AFE isolation through K1; supply limits preserved,SCHEMATIC_VERIFIED; FABRICATION_VERIFIED (export); REQUIRES_BENCH_VALIDATION,"epro2!/WTK RLC Meter.epru:25308,25735,25736; Gerber.zip!/FlyingProbeTesting.json:net=RET_1X"
circuit:RET_HG,,Indirect ADC/control path; no direct MCU power drive,RET_HG,RADC4.1;RF_HG.2;U5.7,See README circuit reconstruction and SCH PDF pp1-4,analog/power,not a GPIO,K1 SAFE; range and excitation disabled,Terminal-to-AFE isolation through K1; supply limits preserved,SCHEMATIC_VERIFIED; FABRICATION_VERIFIED (export); REQUIRES_BENCH_VALIDATION,"epro2!/WTK RLC Meter.epru:25249,25260,25740; Gerber.zip!/FlyingProbeTesting.json:net=RET_HG"
circuit:LOWZ_BUS,,Indirect ADC/control path; no direct MCU power drive,LOWZ_BUS,K2.13;QSEL2.3;QSEL4.3;QSEL6.3;R0_BANK.1,See README circuit reconstruction and SCH PDF pp1-4,analog/power,not a GPIO,K1 SAFE; range and excitation disabled,Terminal-to-AFE isolation through K1; supply limits preserved,SCHEMATIC_VERIFIED; FABRICATION_VERIFIED (export); REQUIRES_BENCH_VALIDATION,"epro2!/WTK RLC Meter.epru:24877,24949,25065,25086,25142; Gerber.zip!/FlyingProbeTesting.json:net=LOWZ_BUS"
circuit:SAFE_HI,,Indirect ADC/control path; no direct MCU power drive,SAFE_HI,K1.11;RBLEED1.1;RHV1.1,See README circuit reconstruction and SCH PDF pp1-4,analog/power,not a GPIO,K1 SAFE; range and excitation disabled,Terminal-to-AFE isolation through K1; supply limits preserved,SCHEMATIC_VERIFIED; FABRICATION_VERIFIED (export); REQUIRES_BENCH_VALIDATION,"epro2!/WTK RLC Meter.epru:16558,25350,25373; Gerber.zip!/FlyingProbeTesting.json:net=SAFE_HI"
circuit:SAFE_LO,,Indirect ADC/control path; no direct MCU power drive,SAFE_LO,K1.6;RBLEED2.2;RHV4.1,See README circuit reconstruction and SCH PDF pp1-4,analog/power,not a GPIO,K1 SAFE; range and excitation disabled,Terminal-to-AFE isolation through K1; supply limits preserved,SCHEMATIC_VERIFIED; FABRICATION_VERIFIED (export); REQUIRES_BENCH_VALIDATION,"epro2!/WTK RLC Meter.epru:16559,25355,25362; Gerber.zip!/FlyingProbeTesting.json:net=SAFE_LO"
circuit:TEST_HI,,Indirect ADC/control path; no direct MCU power drive,TEST_HI,D_TVS.1;J_TEST.1;K1.13,See README circuit reconstruction and SCH PDF pp1-4,analog/power,not a GPIO,K1 SAFE; range and excitation disabled,Terminal-to-AFE isolation through K1; supply limits preserved,SCHEMATIC_VERIFIED; FABRICATION_VERIFIED (export); REQUIRES_BENCH_VALIDATION,"epro2!/WTK RLC Meter.epru:16557,25480,25545; Gerber.zip!/FlyingProbeTesting.json:net=TEST_HI"
circuit:TEST_LO,,Indirect ADC/control path; no direct MCU power drive,TEST_LO,J_TEST.2;K1.4;R_TVS_LINK.2,See README circuit reconstruction and SCH PDF pp1-4,analog/power,not a GPIO,K1 SAFE; range and excitation disabled,Terminal-to-AFE isolation through K1; supply limits preserved,SCHEMATIC_VERIFIED; FABRICATION_VERIFIED (export); REQUIRES_BENCH_VALIDATION,"epro2!/WTK RLC Meter.epru:16562,25474,25546; Gerber.zip!/FlyingProbeTesting.json:net=TEST_LO"
