symbol,section,on_bytes,off_bytes,delta,source
Reset_Handler,.text,4492,3632,-860,src/bsp/startup_stm32f103c8tx.c
product_auto_process_block,.text,2304,1494,-810,src/app/app_shell.c
measurement_derive_quantities,.text,628,0,-628,src/measurement/measurement_dsp.c
solve_path,.text,480,0,-480,src/measurement/measurement_calibration_solver.c
solve_path.lto_priv.0,.text,0,480,480,src/measurement/measurement_calibration_solver.c
primary_score.lto_priv.0,.text,0,354,354,src/measurement/measurement_engine.c
primary_score,.text,352,0,-352,src/measurement/measurement_engine.c
find_newest_committed_frame,.text,0,152,152,src/measurement/measurement_calibration_store.c
find_newest_committed_frame.lto_priv.0,.text,152,0,-152,src/measurement/measurement_calibration_store.c
canonical_hg_t,.text,134,0,-134,src/measurement/measurement_calibration_solver.c
canonical_hg_t.lto_priv.0,.text,0,134,134,src/measurement/measurement_calibration_solver.c
w25q_read_common.constprop.0,.text,0,126,126,src/drivers/w25q_device.c
w25q_device_read,.text,124,0,-124,src/drivers/w25q_device.c
read_record.lto_priv.0,.text,110,0,-110,src/ui/ui_text_catalog.c
read_record.lto_priv.1,.text,0,92,92,src/ui/ui_text_catalog.c
product_curve_flash_read,.text,84,0,-84,src/app/app_shell.c
finite_standard,.text,78,0,-78,src/measurement/measurement_calibration_solver.c
finite_standard.lto_priv.0,.text,0,78,78,src/measurement/measurement_calibration_solver.c
line_set,.text,66,0,-66,src/ui/ui_product.c
line_set.lto_priv.0,.text,0,66,66,src/ui/ui_product.c
terminal_status_from_result,.text,66,0,-66,src/measurement/measurement_engine.c
terminal_status_from_result.lto_priv.0,.text,0,66,66,src/measurement/measurement_engine.c
append_hex8,.text,54,0,-54,src/ui/ui_product.c
append_hex8.lto_priv.0,.text,0,54,54,src/ui/ui_product.c
result_math_ok,.text,54,0,-54,src/measurement/measurement_engine.c
result_math_ok.lto_priv.0,.text,0,54,54,src/measurement/measurement_engine.c
storage_layout_partition,.text,146,94,-52,src/storage/storage_layout.c
measurement_cal_rev1_condition_bit,.text,40,0,-40,src/measurement/measurement_calibration.c
write_literal,.text,40,0,-40,src/ui/ui_product.c
write_literal.lto_priv.0,.text,0,40,40,src/ui/ui_product.c
append_text.lto_priv.0.lto_priv.0|append_text.lto_priv.1.lto_priv.0,.text,0,38,38,src/ui/ui_product.c
append_text|append_text.lto_priv.0,.text,38,0,-38,src/ui/ui_product.c
append_char.lto_priv.0.lto_priv.0|append_char.lto_priv.1.lto_priv.0,.text,0,32,32,src/ui/ui_product.c
append_char.lto_priv.0|append_char.lto_priv.1,.text,32,0,-32,src/ui/ui_product.c
product_active_osl_crc32,.text,28,0,-28,src/app/app_shell.c
ideal_zref_mag.lto_priv.0|range_zref_mag.lto_priv.0,.text,0,26,26,src/measurement/measurement_engine.c
ideal_zref_mag|range_zref_mag,.text,26,0,-26,src/measurement/measurement_engine.c
localize_decimal,.text,24,0,-24,src/ui/ui_product.c
localize_decimal.lto_priv.0,.text,0,24,24,src/ui/ui_product.c
prepare_line.constprop.0,.text,3692,3716,24,src/ui/ui_product.c
app_calibration_service_candidate_commit_start,.text,1256,1236,-20,src/app/app_calibration_service.c
app_step,.text,7620,7636,16,src/app/app_shell.c
product_mount_resource_pack.lto_priv.0,.text,1678,1662,-16,src/app/app_shell.c
put_u32|write_le32.lto_priv.0|write_u32,.text,16,0,-16,src/app/app_pc_link_protocol.c
put_u32|write_le32|write_u32,.text,0,16,16,src/app/app_pc_link_protocol.c
resource_store_decode_entry,.text,208,194,-14,src/storage/resource_store.c
set_key_mask.constprop.0,.text,126,136,10,src/measurement/measurement_calibration_store.c
app_calibration_wizard_step.constprop.0,.text,3000,2992,-8,src/app/app_calibration_wizard.c
discard_candidate_for_cancel.constprop.0.isra.0,.text,156,148,-8,src/app/app_calibration_wizard.c
measurement_extract_phasors.part.0,.text,1070,1062,-8,src/measurement/measurement_dsp.c
write_scaled.isra.0,.text,204,212,8,src/ui/ui_format.c
CSWTCH.18,.rodata,0,6,6,UNATTRIBUTED
CSWTCH.18.lto_priv.0,.rodata,6,0,-6,UNATTRIBUTED
product_text_resolve,.text,188,182,-6,src/app/app_shell.c
ui_format_append_u32,.text,70,76,6,src/ui/ui_format.c
app_read_le32.lto_priv.0|get_u32.lto_priv.0.lto_priv.0|get_u32.lto_priv.1.lto_priv.0|read_le32.lto_priv.0.lto_priv.0|read_le32.lto_priv.1.lto_priv.0|read_u32.lto_priv.0,.text,0,4,4,src/app/app_shell.c
app_read_le32.lto_priv.0|get_u32.lto_priv.0.lto_priv.0|get_u32.lto_priv.1.lto_priv.0|read_le32.lto_priv.0.lto_priv.0|read_le32.lto_priv.1.lto_priv.0|read_u32.lto_priv.0.lto_priv.0|read_u32.lto_priv.1,.text,4,0,-4,src/app/app_shell.c
prepare_result_primary_line.constprop.0,.text,624,628,4,src/ui/ui_product.c
product_resource_update_begin.isra.0,.text,216,212,-4,src/app/app_shell.c
progress_line.constprop.0.isra.0,.text,52,56,4,src/ui/ui_product.c
resource_catalog_read,.text,76,80,4,src/storage/resource_store.c
app_measurement_session_step.constprop.0,.text,498,500,2,src/app/app_measurement_session.c
compute_provisional_z.constprop.0,.text,232,234,2,src/app/app_calibration_workflow.c
line_set_resource_pending.constprop.0.isra.0,.text,54,52,-2,src/ui/ui_product.c
measurement_auto_evaluate_confidence,.text,252,250,-2,src/measurement/measurement_engine.c
measurement_cal_set_init,.text,54,56,2,src/measurement/measurement_calibration.c
product_pc_link_send_status.lto_priv.0,.text,96,94,-2,src/app/app_shell.c
product_pc_link_step_update,.text,494,492,-2,src/app/app_shell.c
product_resource_program_start.lto_priv.0,.text,34,36,2,src/app/app_shell.c
resource_catalog_lookup,.text,164,166,2,src/storage/resource_store.c
resource_store_decode_font_a1_record,.text,196,194,-2,src/storage/resource_store.c
store_policy_event.constprop.0,.text,46,48,2,src/app/app_measurement_session.c
ui_text_catalog_select_language.constprop.0,.text,474,472,-2,src/ui/ui_text_catalog.c
write_safe.constprop.0,.text,32,34,2,src/hardware/hw_k1.c
write_unavailable.isra.0,.text,26,28,2,src/ui/ui_format.c
