build,function,frame_bytes,kind
stm32-debug-off,app_calibration_session_step.constprop,888,static
stm32-debug-off,app_calibration_wizard_step.constprop,704,static
stm32-debug-off,app_step,456,static
stm32-debug-off,product_auto_process_block,344,static
stm32-debug-off,measurement_auto_submit_result.constprop,328,static
stm32-debug-off,Reset_Handler,104,static
stm32-release-off,app_calibration_session_step.constprop,888,static
stm32-release-off,app_calibration_wizard_step.constprop,704,static
stm32-release-off,app_step,448,static
stm32-release-off,product_auto_process_block,344,static
stm32-release-off,measurement_auto_submit_result.constprop,328,static
stm32-release-off,product_mount_resource_pack,256,static
stm32-release-off,Reset_Handler,104,static
stm32-release-on,app_calibration_session_step.constprop,888,static
stm32-release-on,app_calibration_wizard_step.constprop,704,static
stm32-release-on,app_step,448,static
stm32-release-on,product_auto_process_block,440,static
stm32-release-on,measurement_auto_submit_result.constprop,328,static
stm32-release-on,product_mount_resource_pack,256,static
stm32-release-on,Reset_Handler,120,static
stm32-bringup-off,run_command.constprop,608,static
stm32-bringup-off,measurement_cal_process_block.part.0.constprop,576,static
stm32-bringup-off,app_step,448,static
stm32-bringup-off,measurement_auto_submit_result.constprop,328,static
stm32-bringup-off,make_sample_from_phasors,320,static
stm32-bringup-off,lab_dump_metrology_header.constprop,264,static
stm32-bringup-off,Reset_Handler,72,static
baseline-stm32-debug,app_calibration_session_step.constprop,888,static
baseline-stm32-debug,app_calibration_wizard_step.constprop,704,static
baseline-stm32-debug,app_step,456,static
baseline-stm32-debug,product_auto_process_block,440,static
baseline-stm32-debug,measurement_auto_submit_result.constprop,328,static
baseline-stm32-debug,product_mount_resource_pack,256,static
baseline-stm32-debug,Reset_Handler,120,static
baseline-stm32-release,app_calibration_session_step.constprop,888,static
baseline-stm32-release,app_calibration_wizard_step.constprop,704,static
baseline-stm32-release,app_step,448,static
baseline-stm32-release,product_auto_process_block,440,static
baseline-stm32-release,measurement_auto_submit_result.constprop,328,static
baseline-stm32-release,product_mount_resource_pack,256,static
baseline-stm32-release,Reset_Handler,120,static
baseline-stm32-bringup,run_command.constprop,608,static
baseline-stm32-bringup,measurement_cal_process_block.part.0.constprop,576,static
baseline-stm32-bringup,app_step,448,static
baseline-stm32-bringup,measurement_auto_submit_result.constprop,328,static
baseline-stm32-bringup,make_sample_from_phasors,320,static
baseline-stm32-bringup,lab_dump_metrology_header.constprop,264,static
baseline-stm32-bringup,Reset_Handler,72,static
