profile,mode,curves,before_flash,after_flash,before_ram,after_ram,stack,flash_margin,programmed_sha256
stm32-debug,legacy,OFF,58700,58700,14536,14536,2048,6836,a962930b45a3dcd42583b2382eeb985614ffd3955fa112ef17ec745d3607499e
stm32-debug,legacy,ON,61312,61312,14600,14600,2048,4224,5fde0c6ff6189b33d4047f3218b89199b4ae60475c59d56dfc32ba66b1030a8a
stm32-debug,factory,OFF,51728,51728,14832,14832,2052,13808,7aa3da0ae98e5875b3e9c6096f7b61d644d49c57a10915d8fc01f2873e504418
stm32-debug,factory,ON,54208,54208,14896,14896,2052,11328,5ea4726595119d3bf104cd80ad2242f90755edaab516641412c83aeb0933ca69
stm32-release,legacy,OFF,62044,62044,14984,14984,2052,3492,ab3c7b1960066088efc52eacf8b4ea39a1ba0e62c4736adeaaed23e8d9916b02
stm32-release,legacy,ON,64468,64468,15048,15048,2052,1068,fae98438f717668032b050d459040bf141b684e4f4c9186308e85ac402ec1623
stm32-release,factory,OFF,52648,52648,15040,15040,2052,12888,d64714fd9ffaf59e2afcd96015604160a366e2f219eeb97c89cc30cfa657adbf
stm32-release,factory,ON,55124,55124,15104,15104,2052,10412,a588f3207d3a9faf523a0cdcdd67f9c58558e2936a9205bc774d6beaf5721669
stm32-bringup,legacy,OFF,65448,65448,14596,14596,2048,88,e0e47ed5121538310e2af19fb6c20dac84bee6625fb9fad4f0818f43d5097ad6
stm32-bringup,legacy,ON,65448,65448,14596,14596,2048,88,e0e47ed5121538310e2af19fb6c20dac84bee6625fb9fad4f0818f43d5097ad6
stm32-bringup-cal,legacy,OFF,31944,31944,12744,12744,2048,33592,8350f4a6f0ce681bd5336b54eb821ab8310d48183fda02c6f8484128f0f4b07d
stm32-bringup-cal,legacy,ON,31944,31944,12744,12744,2048,33592,8350f4a6f0ce681bd5336b54eb821ab8310d48183fda02c6f8484128f0f4b07d
